"_time",host,OldValue,NewValue
"2026-08-07T21:57:28.704-0500","WIN-11","HKLM\SOFTWARE\Microsoft\Windows Defender\UX Configuration\ToastOrSsoTrigger = 0x1","HKLM\SOFTWARE\Microsoft\Windows Defender\UX Configuration\ToastOrSsoTrigger = 0x0"
"2026-08-07T21:30:41.382-0500","WIN-11","HKLM\SOFTWARE\Microsoft\Windows Defender\SpyNet\LastMAPSFailureTimeString = 2026-08-05T22:54:29Z","HKLM\SOFTWARE\Microsoft\Windows Defender\SpyNet\LastMAPSFailureTimeString = 2026-08-08T02:30:41Z"
"2026-08-07T21:20:28.201-0500","WIN-11","HKLM\SOFTWARE\Microsoft\Windows Defender\Diagnostics\InitializingComponentProgress = RefreshFeatureStatus","HKLM\SOFTWARE\Microsoft\Windows Defender\Diagnostics\InitializingComponentProgress = ServiceStartedSuccessfully"
"2026-08-07T21:20:28.199-0500","WIN-11","HKLM\SOFTWARE\Microsoft\Windows Defender\ServiceStartStates = 0x1","Default\ServiceStartStates = 0x0"
"2026-08-07T21:20:24.257-0500","WIN-11","HKLM\SOFTWARE\Microsoft\Windows Defender\Diagnostics\InitializingComponentProgress = InitSpyNetManagerPostRpc","HKLM\SOFTWARE\Microsoft\Windows Defender\Diagnostics\InitializingComponentProgress = RefreshFeatureStatus"
"2026-08-07T21:20:23.655-0500","WIN-11","HKLM\SOFTWARE\Microsoft\Windows Defender\Diagnostics\InitializingComponentProgress = LoadingEngine","HKLM\SOFTWARE\Microsoft\Windows Defender\Diagnostics\InitializingComponentProgress = InitSpyNetManagerPostRpc"
"2026-08-07T21:20:23.652-0500","WIN-11","HKLM\SOFTWARE\Microsoft\Windows Defender\CoreService\WdConfigHash = 0xBEAD1879","HKLM\SOFTWARE\Microsoft\Windows Defender\CoreService\WdConfigHash = 0xA5E31052"
"2026-08-07T21:20:23.651-0500","WIN-11","Default\ProductAppDataPath = C:\ProgramData\Microsoft\Windows Defender","HKLM\SOFTWARE\Microsoft\Windows Defender\ProductAppDataPath = C:\ProgramData\Microsoft\Windows Defender"
"2026-08-07T21:19:29.940-0500","WIN-11","HKLM\SOFTWARE\Microsoft\Windows Defender\Diagnostics\InitializingComponentProgress = InitNriAgent","HKLM\SOFTWARE\Microsoft\Windows Defender\Diagnostics\InitializingComponentProgress = LoadingEngine"
"2026-08-07T21:19:28.068-0500","WIN-11","HKLM\SOFTWARE\Microsoft\Windows Defender\Diagnostics\InitializingComponentProgress = InitNiRtpPlugin","HKLM\SOFTWARE\Microsoft\Windows Defender\Diagnostics\InitializingComponentProgress = InitNriAgent"
"2026-08-07T21:19:27.390-0500","WIN-11","HKLM\SOFTWARE\Microsoft\Windows Defender\Diagnostics\InitializingComponentProgress = InitRtpPlugin","HKLM\SOFTWARE\Microsoft\Windows Defender\Diagnostics\InitializingComponentProgress = InitNiRtpPlugin"
"2026-08-07T21:19:26.721-0500","WIN-11","HKLM\SOFTWARE\Microsoft\Windows Defender\Diagnostics\InitializingComponentProgress = InitEventConfig","HKLM\SOFTWARE\Microsoft\Windows Defender\Diagnostics\InitializingComponentProgress = InitRtpPlugin"
"2026-08-07T21:19:25.927-0500","WIN-11","HKLM\SOFTWARE\Microsoft\Windows Defender\Diagnostics\InitializingComponentProgress = InitSpynetManager","HKLM\SOFTWARE\Microsoft\Windows Defender\Diagnostics\InitializingComponentProgress = InitEventConfig"
"2026-08-07T21:19:25.353-0500","WIN-11","HKLM\SOFTWARE\Microsoft\Windows Defender\Diagnostics\InitializingComponentProgress = InitTPState","HKLM\SOFTWARE\Microsoft\Windows Defender\Diagnostics\InitializingComponentProgress = InitSpynetManager"
"2026-08-07T21:19:24.686-0500","WIN-11","HKLM\SOFTWARE\Microsoft\Windows Defender\Diagnostics\InitializingComponentProgress = PostPlatformUpdate","HKLM\SOFTWARE\Microsoft\Windows Defender\Diagnostics\InitializingComponentProgress = InitTPState"
"2026-08-07T21:19:24.685-0500","WIN-11","Default\ServiceStartStates = 0x0","HKLM\SOFTWARE\Microsoft\Windows Defender\ServiceStartStates = 0x1"
"2026-08-07T21:19:07.158-0500","WIN-11","HKLM\SOFTWARE\Microsoft\Windows Defender\CoreService\WdConfigHash = 0xA5E31052","HKLM\SOFTWARE\Microsoft\Windows Defender\CoreService\WdConfigHash = 0xBEAD1879"
"2026-08-07T21:19:06.647-0500","WIN-11","HKLM\SOFTWARE\Microsoft\Windows Defender\Diagnostics\InitializingComponentProgress = InitAsimov","HKLM\SOFTWARE\Microsoft\Windows Defender\Diagnostics\InitializingComponentProgress = PostPlatformUpdate"
"2026-08-07T21:19:06.079-0500","WIN-11","HKLM\SOFTWARE\Microsoft\Windows Defender\Diagnostics\InitializingComponentProgress = ProcessMitigations","HKLM\SOFTWARE\Microsoft\Windows Defender\Diagnostics\InitializingComponentProgress = InitAsimov"
"2026-08-07T21:19:05.560-0500","WIN-11","HKLM\SOFTWARE\Microsoft\Windows Defender\Diagnostics\InitializingComponentProgress = InitializeLogging","HKLM\SOFTWARE\Microsoft\Windows Defender\Diagnostics\InitializingComponentProgress = ProcessMitigations"
"2026-08-07T21:19:04.442-0500","WIN-11","HKLM\SOFTWARE\Microsoft\Windows Defender\Diagnostics\InitializingComponentProgress = InitializeMiscConfigLibrary","HKLM\SOFTWARE\Microsoft\Windows Defender\Diagnostics\InitializingComponentProgress = InitializeLogging"
"2026-08-07T20:40:27.667-0500","WIN-11","HKLM\SOFTWARE\Microsoft\Windows Defender\ServiceStartStates = 0x1","Default\ServiceStartStates = 0x0"
"2026-08-07T20:40:10.378-0500","WIN-11","HKLM\SOFTWARE\Microsoft\Windows Defender\Diagnostics\InitializingComponentProgress = CiEndPointSecurityPolicyInstallation","HKLM\SOFTWARE\Microsoft\Windows Defender\Diagnostics\InitializingComponentProgress = ServiceStartedSuccessfully"
"2026-08-07T20:40:09.801-0500","WIN-11","HKLM\SOFTWARE\Microsoft\Windows Defender\Diagnostics\InitializingComponentProgress = RefreshFeatureStatus","HKLM\SOFTWARE\Microsoft\Windows Defender\Diagnostics\InitializingComponentProgress = CiEndPointSecurityPolicyInstallation"
"2026-08-07T20:40:05.216-0500","WIN-11","HKLM\SOFTWARE\Microsoft\Windows Defender\Diagnostics\InitializingComponentProgress = DeviceControlServiceStartup","HKLM\SOFTWARE\Microsoft\Windows Defender\Diagnostics\InitializingComponentProgress = RefreshFeatureStatus"
"2026-08-07T20:40:04.640-0500","WIN-11","HKLM\SOFTWARE\Microsoft\Windows Defender\Diagnostics\InitializingComponentProgress = LoadingEngine","HKLM\SOFTWARE\Microsoft\Windows Defender\Diagnostics\InitializingComponentProgress = DeviceControlServiceStartup"
"2026-08-07T20:40:04.637-0500","WIN-11","HKLM\SOFTWARE\Microsoft\Windows Defender\CoreService\WdConfigHash = 0xBEAD1879","HKLM\SOFTWARE\Microsoft\Windows Defender\CoreService\WdConfigHash = 0xA5E31052"
"2026-08-07T20:40:04.636-0500","WIN-11","Default\ProductAppDataPath = C:\ProgramData\Microsoft\Windows Defender","HKLM\SOFTWARE\Microsoft\Windows Defender\ProductAppDataPath = C:\ProgramData\Microsoft\Windows Defender"
"2026-08-07T20:39:31.711-0500","WIN-11","HKLM\SOFTWARE\Microsoft\Windows Defender\Diagnostics\InitializingComponentProgress = InitNriAgent","HKLM\SOFTWARE\Microsoft\Windows Defender\Diagnostics\InitializingComponentProgress = LoadingEngine"
"2026-08-07T20:39:28.633-0500","WIN-11","HKLM\SOFTWARE\Microsoft\Windows Defender\Diagnostics\InitializingComponentProgress = InitNiRtpPlugin","HKLM\SOFTWARE\Microsoft\Windows Defender\Diagnostics\InitializingComponentProgress = InitNriAgent"
"2026-08-07T20:39:27.671-0500","WIN-11","HKLM\SOFTWARE\Microsoft\Windows Defender\Diagnostics\InitializingComponentProgress = InitRtpPlugin","HKLM\SOFTWARE\Microsoft\Windows Defender\Diagnostics\InitializingComponentProgress = InitNiRtpPlugin"
"2026-08-07T20:39:27.104-0500","WIN-11","HKLM\SOFTWARE\Microsoft\Windows Defender\Diagnostics\InitializingComponentProgress = InitEventConfig","HKLM\SOFTWARE\Microsoft\Windows Defender\Diagnostics\InitializingComponentProgress = InitRtpPlugin"
"2026-08-07T20:39:26.534-0500","WIN-11","HKLM\SOFTWARE\Microsoft\Windows Defender\Diagnostics\InitializingComponentProgress = InitSpynetManager","HKLM\SOFTWARE\Microsoft\Windows Defender\Diagnostics\InitializingComponentProgress = InitEventConfig"
"2026-08-07T20:39:25.776-0500","WIN-11","HKLM\SOFTWARE\Microsoft\Windows Defender\Diagnostics\InitializingComponentProgress = InitTPState","HKLM\SOFTWARE\Microsoft\Windows Defender\Diagnostics\InitializingComponentProgress = InitSpynetManager"
"2026-08-07T20:39:25.190-0500","WIN-11","HKLM\SOFTWARE\Microsoft\Windows Defender\Diagnostics\InitializingComponentProgress = PostPlatformUpdate","HKLM\SOFTWARE\Microsoft\Windows Defender\Diagnostics\InitializingComponentProgress = InitTPState"
"2026-08-07T20:39:25.188-0500","WIN-11","Default\ServiceStartStates = 0x0","HKLM\SOFTWARE\Microsoft\Windows Defender\ServiceStartStates = 0x1"
"2026-08-07T20:39:02.703-0500","WIN-11","HKLM\SOFTWARE\Microsoft\Windows Defender\Diagnostics\InitializingComponentProgress = ConfigureRollbackManagerState","HKLM\SOFTWARE\Microsoft\Windows Defender\Diagnostics\InitializingComponentProgress = PostPlatformUpdate"
"2026-08-07T20:39:02.702-0500","WIN-11","HKLM\SOFTWARE\Microsoft\Windows Defender\CoreService\WdConfigHash = 0xA5E31052","HKLM\SOFTWARE\Microsoft\Windows Defender\CoreService\WdConfigHash = 0xBEAD1879"
"2026-08-07T20:39:02.159-0500","WIN-11","HKLM\SOFTWARE\Microsoft\Windows Defender\Diagnostics\InitializingComponentProgress = InitAsimov","HKLM\SOFTWARE\Microsoft\Windows Defender\Diagnostics\InitializingComponentProgress = ConfigureRollbackManagerState"
"2026-08-07T20:39:01.537-0500","WIN-11","HKLM\SOFTWARE\Microsoft\Windows Defender\Diagnostics\InitializingComponentProgress = InitializeMapsLatency","HKLM\SOFTWARE\Microsoft\Windows Defender\Diagnostics\InitializingComponentProgress = InitAsimov"
"2026-08-07T20:39:00.805-0500","WIN-11","HKLM\SOFTWARE\Microsoft\Windows Defender\Diagnostics\InitializingComponentProgress = InitializeLogging","HKLM\SOFTWARE\Microsoft\Windows Defender\Diagnostics\InitializingComponentProgress = InitializeMapsLatency"
"2026-08-07T20:38:58.491-0500","WIN-11","HKLM\SOFTWARE\Microsoft\Windows Defender\Diagnostics\InitializingComponentProgress = InitializeMiscConfigLibrary","HKLM\SOFTWARE\Microsoft\Windows Defender\Diagnostics\InitializingComponentProgress = InitializeLogging"
"2026-08-07T20:32:58.575-0500","WIN-11","HKLM\SOFTWARE\Microsoft\Windows Defender\CoreService\WdConfigHash = 0x76E8CDD2","HKLM\SOFTWARE\Microsoft\Windows Defender\CoreService\WdConfigHash = 0xA5E31052"
"2026-08-07T20:21:08.846-0500","WIN-11","HKLM\SOFTWARE\Microsoft\Windows Defender\Diagnostics\InitializingComponentProgress = RefreshFeatureStatus","HKLM\SOFTWARE\Microsoft\Windows Defender\Diagnostics\InitializingComponentProgress = ServiceStartedSuccessfully"
"2026-08-07T20:21:08.844-0500","WIN-11","HKLM\SOFTWARE\Microsoft\Windows Defender\ServiceStartStates = 0x1","Default\ServiceStartStates = 0x0"
"2026-08-07T20:21:03.350-0500","WIN-11","HKLM\SOFTWARE\Microsoft\Windows Defender\Diagnostics\InitializingComponentProgress = InitTaskScheduler","HKLM\SOFTWARE\Microsoft\Windows Defender\Diagnostics\InitializingComponentProgress = RefreshFeatureStatus"
"2026-08-07T20:21:02.302-0500","WIN-11","HKLM\SOFTWARE\Microsoft\Windows Defender\Diagnostics\InitializingComponentProgress = LoadingEngine","HKLM\SOFTWARE\Microsoft\Windows Defender\Diagnostics\InitializingComponentProgress = InitTaskScheduler"
"2026-08-07T20:21:02.293-0500","WIN-11","HKLM\SOFTWARE\Microsoft\Windows Defender\CoreService\WdConfigHash = 0x6DA6C5F9","HKLM\SOFTWARE\Microsoft\Windows Defender\CoreService\WdConfigHash = 0x76E8CDD2"
"2026-08-07T20:21:02.288-0500","WIN-11","Default\ProductAppDataPath = C:\ProgramData\Microsoft\Windows Defender","HKLM\SOFTWARE\Microsoft\Windows Defender\ProductAppDataPath = C:\ProgramData\Microsoft\Windows Defender"
"2026-08-07T20:19:25.378-0500","WIN-11","HKLM\SOFTWARE\Microsoft\Windows Defender\Diagnostics\InitializingComponentProgress = MpInitializeKSLEngine","HKLM\SOFTWARE\Microsoft\Windows Defender\Diagnostics\InitializingComponentProgress = LoadingEngine"
"2026-08-07T20:19:24.067-0500","WIN-11","HKLM\SOFTWARE\Microsoft\Windows Defender\Diagnostics\InitializingComponentProgress = InitNriAgent","HKLM\SOFTWARE\Microsoft\Windows Defender\Diagnostics\InitializingComponentProgress = MpInitializeKSLEngine"
"2026-08-07T20:19:21.925-0500","WIN-11","HKLM\SOFTWARE\Microsoft\Windows Defender\Diagnostics\InitializingComponentProgress = InitNiRtpPlugin","HKLM\SOFTWARE\Microsoft\Windows Defender\Diagnostics\InitializingComponentProgress = InitNriAgent"
"2026-08-07T20:19:18.661-0500","WIN-11","HKLM\SOFTWARE\Microsoft\Windows Defender\Diagnostics\InitializingComponentProgress = InitRtpPlugin","HKLM\SOFTWARE\Microsoft\Windows Defender\Diagnostics\InitializingComponentProgress = InitNiRtpPlugin"
"2026-08-07T20:19:17.319-0500","WIN-11","HKLM\SOFTWARE\Microsoft\Windows Defender\Diagnostics\InitializingComponentProgress = InitEventConfig","HKLM\SOFTWARE\Microsoft\Windows Defender\Diagnostics\InitializingComponentProgress = InitRtpPlugin"
"2026-08-07T20:19:16.052-0500","WIN-11","HKLM\SOFTWARE\Microsoft\Windows Defender\Diagnostics\InitializingComponentProgress = InitSpynetManager","HKLM\SOFTWARE\Microsoft\Windows Defender\Diagnostics\InitializingComponentProgress = InitEventConfig"
"2026-08-07T20:19:15.049-0500","WIN-11","HKLM\SOFTWARE\Microsoft\Windows Defender\Diagnostics\InitializingComponentProgress = InitWindowsSetupProgressInfo","HKLM\SOFTWARE\Microsoft\Windows Defender\Diagnostics\InitializingComponentProgress = InitSpynetManager"
"2026-08-07T20:19:14.464-0500","WIN-11","HKLM\SOFTWARE\Microsoft\Windows Defender\Diagnostics\InitializingComponentProgress = PostPlatformUpdate","HKLM\SOFTWARE\Microsoft\Windows Defender\Diagnostics\InitializingComponentProgress = InitWindowsSetupProgressInfo"
"2026-08-07T20:19:14.463-0500","WIN-11","Default\ServiceStartStates = 0x0","HKLM\SOFTWARE\Microsoft\Windows Defender\ServiceStartStates = 0x1"
"2026-08-07T20:18:36.237-0500","WIN-11","HKLM\SOFTWARE\Microsoft\Windows Defender\Diagnostics\InitializingComponentProgress = LoadingCapabilities","HKLM\SOFTWARE\Microsoft\Windows Defender\Diagnostics\InitializingComponentProgress = PostPlatformUpdate"
"2026-08-07T20:18:36.234-0500","WIN-11","HKLM\SOFTWARE\Microsoft\Windows Defender\CoreService\WdConfigHash = 0x76E8CDD2","HKLM\SOFTWARE\Microsoft\Windows Defender\CoreService\WdConfigHash = 0x6DA6C5F9"
"2026-08-07T20:18:35.678-0500","WIN-11","HKLM\SOFTWARE\Microsoft\Windows Defender\Diagnostics\InitializingComponentProgress = InitializeGlobalConfig","HKLM\SOFTWARE\Microsoft\Windows Defender\Diagnostics\InitializingComponentProgress = LoadingCapabilities"
"2026-08-07T20:18:34.972-0500","WIN-11","HKLM\SOFTWARE\Microsoft\Windows Defender\Diagnostics\InitializingComponentProgress = InitializeLogging","HKLM\SOFTWARE\Microsoft\Windows Defender\Diagnostics\InitializingComponentProgress = InitializeGlobalConfig"
"2026-08-07T20:18:34.040-0500","WIN-11","HKLM\SOFTWARE\Microsoft\Windows Defender\Diagnostics\InitializingComponentProgress = InitializeMiscConfigLibrary","HKLM\SOFTWARE\Microsoft\Windows Defender\Diagnostics\InitializingComponentProgress = InitializeLogging"
"2026-08-07T19:24:26.300-0500","WIN-11","HKLM\SOFTWARE\Microsoft\Windows Defender\Diagnostics\InitializingComponentProgress = RefreshFeatureStatus","HKLM\SOFTWARE\Microsoft\Windows Defender\Diagnostics\InitializingComponentProgress = ServiceStartedSuccessfully"
"2026-08-07T19:24:26.293-0500","WIN-11","Default\ProductAppDataPath = C:\ProgramData\Microsoft\Windows Defender","HKLM\SOFTWARE\Microsoft\Windows Defender\ProductAppDataPath = C:\ProgramData\Microsoft\Windows Defender"
"2026-08-07T19:24:26.293-0500","WIN-11","HKLM\SOFTWARE\Microsoft\Windows Defender\ServiceStartStates = 0x1","Default\ServiceStartStates = 0x0"
"2026-08-07T19:24:24.016-0500","WIN-11","HKLM\SOFTWARE\Microsoft\Windows Defender\Diagnostics\InitializingComponentProgress = InitTaskScheduler","HKLM\SOFTWARE\Microsoft\Windows Defender\Diagnostics\InitializingComponentProgress = RefreshFeatureStatus"
"2026-08-07T19:24:23.453-0500","WIN-11","HKLM\SOFTWARE\Microsoft\Windows Defender\Diagnostics\InitializingComponentProgress = InitDlpEngineConfigStorageProvider","HKLM\SOFTWARE\Microsoft\Windows Defender\Diagnostics\InitializingComponentProgress = InitTaskScheduler"
"2026-08-07T19:24:22.857-0500","WIN-11","HKLM\SOFTWARE\Microsoft\Windows Defender\Diagnostics\InitializingComponentProgress = LoadingEngine","HKLM\SOFTWARE\Microsoft\Windows Defender\Diagnostics\InitializingComponentProgress = InitDlpEngineConfigStorageProvider"
"2026-08-07T19:24:22.848-0500","WIN-11","HKLM\SOFTWARE\Microsoft\Windows Defender\CoreService\WdConfigHash = 0x6DA6C5F9","HKLM\SOFTWARE\Microsoft\Windows Defender\CoreService\WdConfigHash = 0x76E8CDD2"
"2026-08-07T19:22:40.003-0500","WIN-11","HKLM\SOFTWARE\Microsoft\Windows Defender\Diagnostics\InitializingComponentProgress = MpInitializeKSLEngine","HKLM\SOFTWARE\Microsoft\Windows Defender\Diagnostics\InitializingComponentProgress = LoadingEngine"
"2026-08-07T19:22:39.208-0500","WIN-11","HKLM\SOFTWARE\Microsoft\Windows Defender\Diagnostics\InitializingComponentProgress = InitNiRtpPlugin","HKLM\SOFTWARE\Microsoft\Windows Defender\Diagnostics\InitializingComponentProgress = MpInitializeKSLEngine"
"2026-08-07T19:22:32.499-0500","WIN-11","HKLM\SOFTWARE\Microsoft\Windows Defender\Diagnostics\InitializingComponentProgress = InitRtpPlugin","HKLM\SOFTWARE\Microsoft\Windows Defender\Diagnostics\InitializingComponentProgress = InitNiRtpPlugin"
"2026-08-07T19:22:29.075-0500","WIN-11","HKLM\SOFTWARE\Microsoft\Windows Defender\Diagnostics\InitializingComponentProgress = InitMemoryScanManager","HKLM\SOFTWARE\Microsoft\Windows Defender\Diagnostics\InitializingComponentProgress = InitRtpPlugin"
"2026-08-07T19:22:28.527-0500","WIN-11","HKLM\SOFTWARE\Microsoft\Windows Defender\Diagnostics\InitializingComponentProgress = InitEventConfig","HKLM\SOFTWARE\Microsoft\Windows Defender\Diagnostics\InitializingComponentProgress = InitMemoryScanManager"
"2026-08-07T19:22:25.399-0500","WIN-11","HKLM\SOFTWARE\Microsoft\Windows Defender\Diagnostics\InitializingComponentProgress = InitSpynetManager","HKLM\SOFTWARE\Microsoft\Windows Defender\Diagnostics\InitializingComponentProgress = InitEventConfig"
"2026-08-07T19:22:24.188-0500","WIN-11","HKLM\SOFTWARE\Microsoft\Windows Defender\Diagnostics\InitializingComponentProgress = InitHealthManager","HKLM\SOFTWARE\Microsoft\Windows Defender\Diagnostics\InitializingComponentProgress = InitSpynetManager"
"2026-08-07T19:22:23.648-0500","WIN-11","HKLM\SOFTWARE\Microsoft\Windows Defender\Diagnostics\InitializingComponentProgress = InitPersistedCache","HKLM\SOFTWARE\Microsoft\Windows Defender\Diagnostics\InitializingComponentProgress = InitHealthManager"
"2026-08-07T19:22:23.070-0500","WIN-11","HKLM\SOFTWARE\Microsoft\Windows Defender\Diagnostics\InitializingComponentProgress = InitTPState","HKLM\SOFTWARE\Microsoft\Windows Defender\Diagnostics\InitializingComponentProgress = InitPersistedCache"
"2026-08-07T19:22:22.178-0500","WIN-11","HKLM\SOFTWARE\Microsoft\Windows Defender\Diagnostics\InitializingComponentProgress = PostPlatformUpdate","HKLM\SOFTWARE\Microsoft\Windows Defender\Diagnostics\InitializingComponentProgress = InitTPState"
"2026-08-07T19:22:22.176-0500","WIN-11","Default\ServiceStartStates = 0x0","HKLM\SOFTWARE\Microsoft\Windows Defender\ServiceStartStates = 0x1"
"2026-08-07T19:21:59.302-0500","WIN-11","HKLM\SOFTWARE\Microsoft\Windows Defender\CoreService\WdConfigHash = 0x76E8CDD2","HKLM\SOFTWARE\Microsoft\Windows Defender\CoreService\WdConfigHash = 0x6DA6C5F9"
"2026-08-07T19:21:58.765-0500","WIN-11","HKLM\SOFTWARE\Microsoft\Windows Defender\Diagnostics\InitializingComponentProgress = InitAsimov","HKLM\SOFTWARE\Microsoft\Windows Defender\Diagnostics\InitializingComponentProgress = PostPlatformUpdate"
"2026-08-07T19:21:58.151-0500","WIN-11","HKLM\SOFTWARE\Microsoft\Windows Defender\Diagnostics\InitializingComponentProgress = InitializeMapsLatency","HKLM\SOFTWARE\Microsoft\Windows Defender\Diagnostics\InitializingComponentProgress = InitAsimov"
"2026-08-07T19:21:57.460-0500","WIN-11","HKLM\SOFTWARE\Microsoft\Windows Defender\Diagnostics\InitializingComponentProgress = InitializeLogging","HKLM\SOFTWARE\Microsoft\Windows Defender\Diagnostics\InitializingComponentProgress = InitializeMapsLatency"
"2026-08-07T19:21:56.333-0500","WIN-11","HKLM\SOFTWARE\Microsoft\Windows Defender\Diagnostics\InitializingComponentProgress = InitializeMiscConfigLibrary","HKLM\SOFTWARE\Microsoft\Windows Defender\Diagnostics\InitializingComponentProgress = InitializeLogging"
"2026-08-07T18:38:55.084-0500","WIN-11","HKLM\SOFTWARE\Microsoft\Windows Defender\Diagnostics\InitializingComponentProgress = RefreshFeatureStatus","HKLM\SOFTWARE\Microsoft\Windows Defender\Diagnostics\InitializingComponentProgress = ServiceStartedSuccessfully"
"2026-08-07T18:38:55.083-0500","WIN-11","HKLM\SOFTWARE\Microsoft\Windows Defender\ServiceStartStates = 0x1","Default\ServiceStartStates = 0x0"
"2026-08-07T18:38:53.520-0500","WIN-11","HKLM\SOFTWARE\Microsoft\Windows Defender\Diagnostics\InitializingComponentProgress = InitUrlSignatureBlobManager","HKLM\SOFTWARE\Microsoft\Windows Defender\Diagnostics\InitializingComponentProgress = RefreshFeatureStatus"
"2026-08-07T18:38:52.801-0500","WIN-11","HKLM\SOFTWARE\Microsoft\Windows Defender\Diagnostics\InitializingComponentProgress = DeviceControlServiceStartup","HKLM\SOFTWARE\Microsoft\Windows Defender\Diagnostics\InitializingComponentProgress = InitUrlSignatureBlobManager"
"2026-08-07T18:38:51.345-0500","WIN-11","HKLM\SOFTWARE\Microsoft\Windows Defender\Diagnostics\InitializingComponentProgress = LoadingEngine","HKLM\SOFTWARE\Microsoft\Windows Defender\Diagnostics\InitializingComponentProgress = DeviceControlServiceStartup"
"2026-08-07T18:38:51.343-0500","WIN-11","HKLM\SOFTWARE\Microsoft\Windows Defender\CoreService\WdConfigHash = 0x6DA6C5F9","HKLM\SOFTWARE\Microsoft\Windows Defender\CoreService\WdConfigHash = 0x76E8CDD2"
"2026-08-07T18:38:51.342-0500","WIN-11","Default\ProductAppDataPath = C:\ProgramData\Microsoft\Windows Defender","HKLM\SOFTWARE\Microsoft\Windows Defender\ProductAppDataPath = C:\ProgramData\Microsoft\Windows Defender"
"2026-08-07T18:35:10.413-0500","WIN-11","HKLM\SOFTWARE\Microsoft\Windows Defender\Diagnostics\InitializingComponentProgress = InitNiRtpPlugin","HKLM\SOFTWARE\Microsoft\Windows Defender\Diagnostics\InitializingComponentProgress = LoadingEngine"
"2026-08-07T18:35:08.432-0500","WIN-11","HKLM\SOFTWARE\Microsoft\Windows Defender\Diagnostics\InitializingComponentProgress = InitRtpPlugin","HKLM\SOFTWARE\Microsoft\Windows Defender\Diagnostics\InitializingComponentProgress = InitNiRtpPlugin"
"2026-08-07T18:35:07.142-0500","WIN-11","HKLM\SOFTWARE\Microsoft\Windows Defender\Diagnostics\InitializingComponentProgress = InitEventConfig","HKLM\SOFTWARE\Microsoft\Windows Defender\Diagnostics\InitializingComponentProgress = InitRtpPlugin"
"2026-08-07T18:35:05.806-0500","WIN-11","HKLM\SOFTWARE\Microsoft\Windows Defender\Diagnostics\InitializingComponentProgress = InitSpynetManager","HKLM\SOFTWARE\Microsoft\Windows Defender\Diagnostics\InitializingComponentProgress = InitEventConfig"
"2026-08-07T18:35:05.206-0500","WIN-11","HKLM\SOFTWARE\Microsoft\Windows Defender\Diagnostics\InitializingComponentProgress = InitHealthManager","HKLM\SOFTWARE\Microsoft\Windows Defender\Diagnostics\InitializingComponentProgress = InitSpynetManager"
"2026-08-07T18:35:04.682-0500","WIN-11","HKLM\SOFTWARE\Microsoft\Windows Defender\Diagnostics\InitializingComponentProgress = InitSampleSubmission","HKLM\SOFTWARE\Microsoft\Windows Defender\Diagnostics\InitializingComponentProgress = InitHealthManager"
"2026-08-07T18:35:04.165-0500","WIN-11","HKLM\SOFTWARE\Microsoft\Windows Defender\Diagnostics\InitializingComponentProgress = PostPlatformUpdate","HKLM\SOFTWARE\Microsoft\Windows Defender\Diagnostics\InitializingComponentProgress = InitSampleSubmission"
"2026-08-07T18:35:04.163-0500","WIN-11","Default\ServiceStartStates = 0x0","HKLM\SOFTWARE\Microsoft\Windows Defender\ServiceStartStates = 0x1"
"2026-08-07T18:34:53.869-0500","WIN-11","HKLM\SOFTWARE\Microsoft\Windows Defender\Diagnostics\InitializingComponentProgress = InitAsimov","HKLM\SOFTWARE\Microsoft\Windows Defender\Diagnostics\InitializingComponentProgress = PostPlatformUpdate"
"2026-08-07T18:34:53.846-0500","WIN-11","HKLM\SOFTWARE\Microsoft\Windows Defender\CoreService\WdConfigHash = 0x76E8CDD2","HKLM\SOFTWARE\Microsoft\Windows Defender\CoreService\WdConfigHash = 0x6DA6C5F9"
"2026-08-07T18:34:53.214-0500","WIN-11","HKLM\SOFTWARE\Microsoft\Windows Defender\Diagnostics\InitializingComponentProgress = InitializeLogging","HKLM\SOFTWARE\Microsoft\Windows Defender\Diagnostics\InitializingComponentProgress = InitAsimov"
"2026-08-07T18:34:52.354-0500","WIN-11","HKLM\SOFTWARE\Microsoft\Windows Defender\Diagnostics\InitializingComponentProgress = InitializeMiscConfigLibrary","HKLM\SOFTWARE\Microsoft\Windows Defender\Diagnostics\InitializingComponentProgress = InitializeLogging"
"2026-08-07T17:04:48.618-0500","WIN-11","HKLM\SOFTWARE\Microsoft\Windows Defender\ServiceStartStates = 0x1","Default\ServiceStartStates = 0x0"
"2026-08-07T17:04:30.400-0500","WIN-11","HKLM\SOFTWARE\Microsoft\Windows Defender\Diagnostics\InitializingComponentProgress = RefreshFeatureStatus","HKLM\SOFTWARE\Microsoft\Windows Defender\Diagnostics\InitializingComponentProgress = ServiceStartedSuccessfully"
"2026-08-07T17:04:29.353-0500","WIN-11","HKLM\SOFTWARE\Microsoft\Windows Defender\Diagnostics\InitializingComponentProgress = InitSpyNetManagerPostRpc","HKLM\SOFTWARE\Microsoft\Windows Defender\Diagnostics\InitializingComponentProgress = RefreshFeatureStatus"
"2026-08-07T17:04:28.768-0500","WIN-11","HKLM\SOFTWARE\Microsoft\Windows Defender\Diagnostics\InitializingComponentProgress = LoadingEngine","HKLM\SOFTWARE\Microsoft\Windows Defender\Diagnostics\InitializingComponentProgress = InitSpyNetManagerPostRpc"
"2026-08-07T17:04:28.766-0500","WIN-11","HKLM\SOFTWARE\Microsoft\Windows Defender\CoreService\WdConfigHash = 0x6DA6C5F9","HKLM\SOFTWARE\Microsoft\Windows Defender\CoreService\WdConfigHash = 0x76E8CDD2"
"2026-08-07T17:04:28.765-0500","WIN-11","Default\ProductAppDataPath = C:\ProgramData\Microsoft\Windows Defender","HKLM\SOFTWARE\Microsoft\Windows Defender\ProductAppDataPath = C:\ProgramData\Microsoft\Windows Defender"
"2026-08-07T17:03:52.072-0500","WIN-11","HKLM\SOFTWARE\Microsoft\Windows Defender\Diagnostics\InitializingComponentProgress = InitNiRtpPlugin","HKLM\SOFTWARE\Microsoft\Windows Defender\Diagnostics\InitializingComponentProgress = LoadingEngine"
"2026-08-07T17:03:50.908-0500","WIN-11","HKLM\SOFTWARE\Microsoft\Windows Defender\Diagnostics\InitializingComponentProgress = InitRtpPlugin","HKLM\SOFTWARE\Microsoft\Windows Defender\Diagnostics\InitializingComponentProgress = InitNiRtpPlugin"
"2026-08-07T17:03:49.982-0500","WIN-11","HKLM\SOFTWARE\Microsoft\Windows Defender\Diagnostics\InitializingComponentProgress = InitEventConfig","HKLM\SOFTWARE\Microsoft\Windows Defender\Diagnostics\InitializingComponentProgress = InitRtpPlugin"
"2026-08-07T17:03:48.867-0500","WIN-11","HKLM\SOFTWARE\Microsoft\Windows Defender\Diagnostics\InitializingComponentProgress = InitSpynetManager","HKLM\SOFTWARE\Microsoft\Windows Defender\Diagnostics\InitializingComponentProgress = InitEventConfig"
"2026-08-07T17:03:48.352-0500","WIN-11","HKLM\SOFTWARE\Microsoft\Windows Defender\Diagnostics\InitializingComponentProgress = InitPersistedCache","HKLM\SOFTWARE\Microsoft\Windows Defender\Diagnostics\InitializingComponentProgress = InitSpynetManager"
"2026-08-07T17:03:47.691-0500","WIN-11","HKLM\SOFTWARE\Microsoft\Windows Defender\Diagnostics\InitializingComponentProgress = PostPlatformUpdate","HKLM\SOFTWARE\Microsoft\Windows Defender\Diagnostics\InitializingComponentProgress = InitPersistedCache"
"2026-08-07T17:03:47.690-0500","WIN-11","Default\ServiceStartStates = 0x0","HKLM\SOFTWARE\Microsoft\Windows Defender\ServiceStartStates = 0x1"
"2026-08-07T17:03:37.517-0500","WIN-11","HKLM\SOFTWARE\Microsoft\Windows Defender\Diagnostics\InitializingComponentProgress = InitRollbackManager","HKLM\SOFTWARE\Microsoft\Windows Defender\Diagnostics\InitializingComponentProgress = PostPlatformUpdate"
"2026-08-07T17:03:37.516-0500","WIN-11","HKLM\SOFTWARE\Microsoft\Windows Defender\CoreService\WdConfigHash = 0x76E8CDD2","HKLM\SOFTWARE\Microsoft\Windows Defender\CoreService\WdConfigHash = 0x6DA6C5F9"
"2026-08-07T17:03:36.846-0500","WIN-11","HKLM\SOFTWARE\Microsoft\Windows Defender\Diagnostics\InitializingComponentProgress = InitRpcGlobals","HKLM\SOFTWARE\Microsoft\Windows Defender\Diagnostics\InitializingComponentProgress = InitRollbackManager"
"2026-08-07T17:03:36.325-0500","WIN-11","HKLM\SOFTWARE\Microsoft\Windows Defender\Diagnostics\InitializingComponentProgress = InitializeMapsLatency","HKLM\SOFTWARE\Microsoft\Windows Defender\Diagnostics\InitializingComponentProgress = InitRpcGlobals"
"2026-08-07T17:03:35.676-0500","WIN-11","HKLM\SOFTWARE\Microsoft\Windows Defender\Diagnostics\InitializingComponentProgress = InitializeLogging","HKLM\SOFTWARE\Microsoft\Windows Defender\Diagnostics\InitializingComponentProgress = InitializeMapsLatency"
"2026-08-07T17:03:34.761-0500","WIN-11","HKLM\SOFTWARE\Microsoft\Windows Defender\Diagnostics\InitializingComponentProgress = InitializeMiscConfigLibrary","HKLM\SOFTWARE\Microsoft\Windows Defender\Diagnostics\InitializingComponentProgress = InitializeLogging"
"2026-08-07T16:55:16.664-0500","WIN-11","HKLM\SOFTWARE\Microsoft\Windows Defender\CoreService\WdConfigHash = 0x422A3AB2","HKLM\SOFTWARE\Microsoft\Windows Defender\CoreService\WdConfigHash = 0x76E8CDD2"
"2026-08-07T16:43:31.950-0500","WIN-11","HKLM\SOFTWARE\Microsoft\Windows Defender\ServiceStartStates = 0x1","Default\ServiceStartStates = 0x0"
"2026-08-07T16:43:18.180-0500","WIN-11","HKLM\SOFTWARE\Microsoft\Windows Defender\Diagnostics\InitializingComponentProgress = RefreshFeatureStatus","HKLM\SOFTWARE\Microsoft\Windows Defender\Diagnostics\InitializingComponentProgress = ServiceStartedSuccessfully"
"2026-08-07T16:43:16.638-0500","WIN-11","HKLM\SOFTWARE\Microsoft\Windows Defender\Diagnostics\InitializingComponentProgress = InitTaskScheduler","HKLM\SOFTWARE\Microsoft\Windows Defender\Diagnostics\InitializingComponentProgress = RefreshFeatureStatus"
"2026-08-07T16:43:16.075-0500","WIN-11","HKLM\SOFTWARE\Microsoft\Windows Defender\Diagnostics\InitializingComponentProgress = LoadingEngine","HKLM\SOFTWARE\Microsoft\Windows Defender\Diagnostics\InitializingComponentProgress = InitTaskScheduler"
"2026-08-07T16:43:16.073-0500","WIN-11","HKLM\SOFTWARE\Microsoft\Windows Defender\CoreService\WdConfigHash = 0x59643299","HKLM\SOFTWARE\Microsoft\Windows Defender\CoreService\WdConfigHash = 0x422A3AB2"
"2026-08-07T16:43:16.072-0500","WIN-11","Default\ProductAppDataPath = C:\ProgramData\Microsoft\Windows Defender","HKLM\SOFTWARE\Microsoft\Windows Defender\ProductAppDataPath = C:\ProgramData\Microsoft\Windows Defender"
"2026-08-07T16:42:35.492-0500","WIN-11","HKLM\SOFTWARE\Microsoft\Windows Defender\Diagnostics\InitializingComponentProgress = InitNiRtpPlugin","HKLM\SOFTWARE\Microsoft\Windows Defender\Diagnostics\InitializingComponentProgress = LoadingEngine"
"2026-08-07T16:42:34.662-0500","WIN-11","HKLM\SOFTWARE\Microsoft\Windows Defender\Diagnostics\InitializingComponentProgress = InitRtpPlugin","HKLM\SOFTWARE\Microsoft\Windows Defender\Diagnostics\InitializingComponentProgress = InitNiRtpPlugin"
"2026-08-07T16:42:33.625-0500","WIN-11","HKLM\SOFTWARE\Microsoft\Windows Defender\Diagnostics\InitializingComponentProgress = InitEventConfig","HKLM\SOFTWARE\Microsoft\Windows Defender\Diagnostics\InitializingComponentProgress = InitRtpPlugin"
"2026-08-07T16:42:32.540-0500","WIN-11","HKLM\SOFTWARE\Microsoft\Windows Defender\Diagnostics\InitializingComponentProgress = InitSpynetManager","HKLM\SOFTWARE\Microsoft\Windows Defender\Diagnostics\InitializingComponentProgress = InitEventConfig"
"2026-08-07T16:42:31.391-0500","WIN-11","HKLM\SOFTWARE\Microsoft\Windows Defender\Diagnostics\InitializingComponentProgress = InitTPState","HKLM\SOFTWARE\Microsoft\Windows Defender\Diagnostics\InitializingComponentProgress = InitSpynetManager"
"2026-08-07T16:42:30.724-0500","WIN-11","HKLM\SOFTWARE\Microsoft\Windows Defender\Diagnostics\InitializingComponentProgress = PostPlatformUpdate","HKLM\SOFTWARE\Microsoft\Windows Defender\Diagnostics\InitializingComponentProgress = InitTPState"
"2026-08-07T16:42:30.721-0500","WIN-11","Default\ServiceStartStates = 0x0","HKLM\SOFTWARE\Microsoft\Windows Defender\ServiceStartStates = 0x1"
"2026-08-07T15:35:49.662-0500","WIN-11","HKLM\SOFTWARE\Microsoft\Windows Defender\ServiceStartStates = 0x1","Default\ServiceStartStates = 0x0"
"2026-08-07T15:35:05.932-0500","WIN-11","HKLM\SOFTWARE\Microsoft\Windows Defender\Diagnostics\InitializingComponentProgress = RefreshFeatureStatus","HKLM\SOFTWARE\Microsoft\Windows Defender\Diagnostics\InitializingComponentProgress = ServiceStartedSuccessfully"
"2026-08-07T15:35:05.118-0500","WIN-11","HKLM\SOFTWARE\Microsoft\Windows Defender\Diagnostics\InitializingComponentProgress = LoadingEngine","HKLM\SOFTWARE\Microsoft\Windows Defender\Diagnostics\InitializingComponentProgress = RefreshFeatureStatus"
"2026-08-07T15:35:05.115-0500","WIN-11","HKLM\SOFTWARE\Microsoft\Windows Defender\CoreService\WdConfigHash = 0x59643299","HKLM\SOFTWARE\Microsoft\Windows Defender\CoreService\WdConfigHash = 0x422A3AB2"
"2026-08-07T15:35:05.114-0500","WIN-11","Default\ProductAppDataPath = C:\ProgramData\Microsoft\Windows Defender","HKLM\SOFTWARE\Microsoft\Windows Defender\ProductAppDataPath = C:\ProgramData\Microsoft\Windows Defender"
"2026-08-07T15:34:50.268-0500","WIN-11","HKLM\SOFTWARE\Microsoft\Windows Defender\Diagnostics\InitializingComponentProgress = InitNriAgent","HKLM\SOFTWARE\Microsoft\Windows Defender\Diagnostics\InitializingComponentProgress = LoadingEngine"
"2026-08-07T15:34:49.701-0500","WIN-11","HKLM\SOFTWARE\Microsoft\Windows Defender\Diagnostics\InitializingComponentProgress = InitEventConfig","HKLM\SOFTWARE\Microsoft\Windows Defender\Diagnostics\InitializingComponentProgress = InitNriAgent"
"2026-08-07T15:34:49.121-0500","WIN-11","HKLM\SOFTWARE\Microsoft\Windows Defender\Diagnostics\InitializingComponentProgress = PostPlatformUpdate","HKLM\SOFTWARE\Microsoft\Windows Defender\Diagnostics\InitializingComponentProgress = InitEventConfig"
"2026-08-07T15:34:49.119-0500","WIN-11","Default\ServiceStartStates = 0x0","HKLM\SOFTWARE\Microsoft\Windows Defender\ServiceStartStates = 0x1"
"2026-08-07T15:34:40.985-0500","WIN-11","HKLM\SOFTWARE\Microsoft\Windows Defender\Diagnostics\InitializingComponentProgress = InitRpcGlobals","HKLM\SOFTWARE\Microsoft\Windows Defender\Diagnostics\InitializingComponentProgress = PostPlatformUpdate"
"2026-08-07T15:34:40.983-0500","WIN-11","HKLM\SOFTWARE\Microsoft\Windows Defender\CoreService\WdConfigHash = 0x422A3AB2","HKLM\SOFTWARE\Microsoft\Windows Defender\CoreService\WdConfigHash = 0x59643299"
"2026-08-07T15:34:40.382-0500","WIN-11","HKLM\SOFTWARE\Microsoft\Windows Defender\Diagnostics\InitializingComponentProgress = InitializeMiscConfigLibrary","HKLM\SOFTWARE\Microsoft\Windows Defender\Diagnostics\InitializingComponentProgress = InitRpcGlobals"
"2026-08-07T15:22:26.085-0500","WIN-11","HKLM\SOFTWARE\Microsoft\Windows Defender\ServiceStartStates = 0x1","Default\ServiceStartStates = 0x0"
"2026-08-07T15:21:49.773-0500","WIN-11","HKLM\SOFTWARE\Microsoft\Windows Defender\Diagnostics\InitializingComponentProgress = LoadingEngine","HKLM\SOFTWARE\Microsoft\Windows Defender\Diagnostics\InitializingComponentProgress = ServiceStartedSuccessfully"
"2026-08-07T15:21:49.765-0500","WIN-11","HKLM\SOFTWARE\Microsoft\Windows Defender\CoreService\WdConfigHash = 0x59643299","HKLM\SOFTWARE\Microsoft\Windows Defender\CoreService\WdConfigHash = 0x422A3AB2"
"2026-08-07T15:21:49.752-0500","WIN-11","Default\ProductAppDataPath = C:\ProgramData\Microsoft\Windows Defender","HKLM\SOFTWARE\Microsoft\Windows Defender\ProductAppDataPath = C:\ProgramData\Microsoft\Windows Defender"
"2026-08-07T15:21:26.840-0500","WIN-11","HKLM\SOFTWARE\Microsoft\Windows Defender\Diagnostics\InitializingComponentProgress = InitNiRtpPlugin","HKLM\SOFTWARE\Microsoft\Windows Defender\Diagnostics\InitializingComponentProgress = LoadingEngine"
"2026-08-07T15:21:26.118-0500","WIN-11","HKLM\SOFTWARE\Microsoft\Windows Defender\Diagnostics\InitializingComponentProgress = InitSpynetManager","HKLM\SOFTWARE\Microsoft\Windows Defender\Diagnostics\InitializingComponentProgress = InitNiRtpPlugin"
"2026-08-07T15:21:25.565-0500","WIN-11","HKLM\SOFTWARE\Microsoft\Windows Defender\Diagnostics\InitializingComponentProgress = PostPlatformUpdate","HKLM\SOFTWARE\Microsoft\Windows Defender\Diagnostics\InitializingComponentProgress = InitSpynetManager"
"2026-08-07T15:21:25.563-0500","WIN-11","Default\ServiceStartStates = 0x0","HKLM\SOFTWARE\Microsoft\Windows Defender\ServiceStartStates = 0x1"
"2026-08-07T15:21:14.797-0500","WIN-11","HKLM\SOFTWARE\Microsoft\Windows Defender\Diagnostics\InitializingComponentProgress = InitializeMapsLatency","HKLM\SOFTWARE\Microsoft\Windows Defender\Diagnostics\InitializingComponentProgress = PostPlatformUpdate"
"2026-08-07T15:21:14.791-0500","WIN-11","HKLM\SOFTWARE\Microsoft\Windows Defender\CoreService\WdConfigHash = 0x422A3AB2","HKLM\SOFTWARE\Microsoft\Windows Defender\CoreService\WdConfigHash = 0x59643299"
"2026-08-07T15:21:14.206-0500","WIN-11","HKLM\SOFTWARE\Microsoft\Windows Defender\Diagnostics\InitializingComponentProgress = InitializeMiscConfigLibrary","HKLM\SOFTWARE\Microsoft\Windows Defender\Diagnostics\InitializingComponentProgress = InitializeMapsLatency"
"2026-08-07T15:00:47.705-0500","WIN-11","HKLM\SOFTWARE\Microsoft\Windows Defender\CoreService\WdConfigHash = 0x2BAFD472","HKLM\SOFTWARE\Microsoft\Windows Defender\CoreService\WdConfigHash = 0x422A3AB2"
"2026-08-07T14:50:50.835-0500","WIN-11","HKLM\SOFTWARE\Microsoft\Windows Defender\ServiceStartStates = 0x1","Default\ServiceStartStates = 0x0"
"2026-08-07T14:50:07.480-0500","WIN-11","HKLM\SOFTWARE\Microsoft\Windows Defender\Diagnostics\InitializingComponentProgress = RefreshFeatureStatus","HKLM\SOFTWARE\Microsoft\Windows Defender\Diagnostics\InitializingComponentProgress = ServiceStartedSuccessfully"
"2026-08-07T14:50:06.561-0500","WIN-11","HKLM\SOFTWARE\Microsoft\Windows Defender\Diagnostics\InitializingComponentProgress = InitUrlSignatureBlobManager","HKLM\SOFTWARE\Microsoft\Windows Defender\Diagnostics\InitializingComponentProgress = RefreshFeatureStatus"
"2026-08-07T14:50:05.930-0500","WIN-11","HKLM\SOFTWARE\Microsoft\Windows Defender\Diagnostics\InitializingComponentProgress = LoadingEngine","HKLM\SOFTWARE\Microsoft\Windows Defender\Diagnostics\InitializingComponentProgress = InitUrlSignatureBlobManager"
"2026-08-07T14:50:05.928-0500","WIN-11","HKLM\SOFTWARE\Microsoft\Windows Defender\CoreService\WdConfigHash = 0x30E1DC59","HKLM\SOFTWARE\Microsoft\Windows Defender\CoreService\WdConfigHash = 0x2BAFD472"
"2026-08-07T14:50:05.927-0500","WIN-11","Default\ProductAppDataPath = C:\ProgramData\Microsoft\Windows Defender","HKLM\SOFTWARE\Microsoft\Windows Defender\ProductAppDataPath = C:\ProgramData\Microsoft\Windows Defender"
"2026-08-07T14:49:50.825-0500","WIN-11","HKLM\SOFTWARE\Microsoft\Windows Defender\Diagnostics\InitializingComponentProgress = InitEventConfig","HKLM\SOFTWARE\Microsoft\Windows Defender\Diagnostics\InitializingComponentProgress = LoadingEngine"
"2026-08-07T14:49:50.240-0500","WIN-11","HKLM\SOFTWARE\Microsoft\Windows Defender\Diagnostics\InitializingComponentProgress = PostPlatformUpdate","HKLM\SOFTWARE\Microsoft\Windows Defender\Diagnostics\InitializingComponentProgress = InitEventConfig"
"2026-08-07T14:49:50.238-0500","WIN-11","Default\ServiceStartStates = 0x0","HKLM\SOFTWARE\Microsoft\Windows Defender\ServiceStartStates = 0x1"
"2026-08-07T14:49:41.317-0500","WIN-11","HKLM\SOFTWARE\Microsoft\Windows Defender\Diagnostics\InitializingComponentProgress = InitWppTracing","HKLM\SOFTWARE\Microsoft\Windows Defender\Diagnostics\InitializingComponentProgress = PostPlatformUpdate"
"2026-08-07T14:49:41.316-0500","WIN-11","HKLM\SOFTWARE\Microsoft\Windows Defender\CoreService\WdConfigHash = 0x2BAFD472","HKLM\SOFTWARE\Microsoft\Windows Defender\CoreService\WdConfigHash = 0x30E1DC59"
"2026-08-07T14:49:40.701-0500","WIN-11","HKLM\SOFTWARE\Microsoft\Windows Defender\Diagnostics\InitializingComponentProgress = InitializeMiscConfigLibrary","HKLM\SOFTWARE\Microsoft\Windows Defender\Diagnostics\InitializingComponentProgress = InitWppTracing"
"2026-08-07T10:48:47.519-0500","WIN-11","HKLM\SOFTWARE\Microsoft\Windows Defender\UX Configuration\ToastOrSsoTrigger = 0x0","HKLM\SOFTWARE\Microsoft\Windows Defender\UX Configuration\ToastOrSsoTrigger = 0x1"
"2026-08-07T10:41:36.595-0500","WIN-11","HKLM\SOFTWARE\Microsoft\Windows Defender\UX Configuration\ToastOrSsoTrigger = 0x1","HKLM\SOFTWARE\Microsoft\Windows Defender\UX Configuration\ToastOrSsoTrigger = 0x0"
"2026-08-07T10:09:10.995-0500","WIN-11","HKLM\SOFTWARE\Microsoft\Windows Defender\CoreService\WdConfigHash = 0x6D8BECA8","HKLM\SOFTWARE\Microsoft\Windows Defender\CoreService\WdConfigHash = 0x2BAFD472"
"2026-08-07T09:52:31.146-0500","WIN-11","HKLM\SOFTWARE\Microsoft\Windows Defender\ServiceStartStates = 0x1","Default\ServiceStartStates = 0x0"
"2026-08-07T09:52:27.687-0500","WIN-11","HKLM\SOFTWARE\Microsoft\Windows Defender\Diagnostics\InitializingComponentProgress = RefreshFeatureStatus","HKLM\SOFTWARE\Microsoft\Windows Defender\Diagnostics\InitializingComponentProgress = ServiceStartedSuccessfully"
"2026-08-07T09:52:26.523-0500","WIN-11","HKLM\SOFTWARE\Microsoft\Windows Defender\Diagnostics\InitializingComponentProgress = InitDefenderServiceRpc","HKLM\SOFTWARE\Microsoft\Windows Defender\Diagnostics\InitializingComponentProgress = RefreshFeatureStatus"
"2026-08-07T09:52:25.903-0500","WIN-11","HKLM\SOFTWARE\Microsoft\Windows Defender\Diagnostics\InitializingComponentProgress = LoadingEngine","HKLM\SOFTWARE\Microsoft\Windows Defender\Diagnostics\InitializingComponentProgress = InitDefenderServiceRpc"
"2026-08-07T09:52:25.892-0500","WIN-11","HKLM\SOFTWARE\Microsoft\Windows Defender\CoreService\WdConfigHash = 0x76C5E483","HKLM\SOFTWARE\Microsoft\Windows Defender\CoreService\WdConfigHash = 0x6D8BECA8"
"2026-08-07T09:52:25.891-0500","WIN-11","Default\ProductAppDataPath = C:\ProgramData\Microsoft\Windows Defender","HKLM\SOFTWARE\Microsoft\Windows Defender\ProductAppDataPath = C:\ProgramData\Microsoft\Windows Defender"
"2026-08-07T09:51:35.619-0500","WIN-11","HKLM\SOFTWARE\Microsoft\Windows Defender\Diagnostics\InitializingComponentProgress = InitNiRtpPlugin","HKLM\SOFTWARE\Microsoft\Windows Defender\Diagnostics\InitializingComponentProgress = LoadingEngine"
"2026-08-07T09:51:34.919-0500","WIN-11","HKLM\SOFTWARE\Microsoft\Windows Defender\Diagnostics\InitializingComponentProgress = InitRtpPlugin","HKLM\SOFTWARE\Microsoft\Windows Defender\Diagnostics\InitializingComponentProgress = InitNiRtpPlugin"
"2026-08-07T09:51:33.941-0500","WIN-11","HKLM\SOFTWARE\Microsoft\Windows Defender\Diagnostics\InitializingComponentProgress = InitEventConfig","HKLM\SOFTWARE\Microsoft\Windows Defender\Diagnostics\InitializingComponentProgress = InitRtpPlugin"
"2026-08-07T09:51:32.177-0500","WIN-11","HKLM\SOFTWARE\Microsoft\Windows Defender\Diagnostics\InitializingComponentProgress = InitSpynetManager","HKLM\SOFTWARE\Microsoft\Windows Defender\Diagnostics\InitializingComponentProgress = InitEventConfig"
"2026-08-07T09:51:30.889-0500","WIN-11","HKLM\SOFTWARE\Microsoft\Windows Defender\Diagnostics\InitializingComponentProgress = InitPersistedCache","HKLM\SOFTWARE\Microsoft\Windows Defender\Diagnostics\InitializingComponentProgress = InitSpynetManager"
"2026-08-07T09:51:30.249-0500","WIN-11","HKLM\SOFTWARE\Microsoft\Windows Defender\Diagnostics\InitializingComponentProgress = InitTPState","HKLM\SOFTWARE\Microsoft\Windows Defender\Diagnostics\InitializingComponentProgress = InitPersistedCache"
"2026-08-07T09:51:29.230-0500","WIN-11","HKLM\SOFTWARE\Microsoft\Windows Defender\Diagnostics\InitializingComponentProgress = PostPlatformUpdate","HKLM\SOFTWARE\Microsoft\Windows Defender\Diagnostics\InitializingComponentProgress = InitTPState"
"2026-08-07T09:51:29.228-0500","WIN-11","Default\ServiceStartStates = 0x0","HKLM\SOFTWARE\Microsoft\Windows Defender\ServiceStartStates = 0x1"
"2026-08-07T09:51:05.280-0500","WIN-11","HKLM\SOFTWARE\Microsoft\Windows Defender\Diagnostics\InitializingComponentProgress = InitRpcGlobals","HKLM\SOFTWARE\Microsoft\Windows Defender\Diagnostics\InitializingComponentProgress = PostPlatformUpdate"
"2026-08-07T09:51:05.279-0500","WIN-11","HKLM\SOFTWARE\Microsoft\Windows Defender\CoreService\WdConfigHash = 0x6D8BECA8","HKLM\SOFTWARE\Microsoft\Windows Defender\CoreService\WdConfigHash = 0x76C5E483"
"2026-08-07T09:51:04.662-0500","WIN-11","HKLM\SOFTWARE\Microsoft\Windows Defender\Diagnostics\InitializingComponentProgress = InitializeLogging","HKLM\SOFTWARE\Microsoft\Windows Defender\Diagnostics\InitializingComponentProgress = InitRpcGlobals"
"2026-08-07T09:51:04.061-0500","WIN-11","HKLM\SOFTWARE\Microsoft\Windows Defender\Diagnostics\InitializingComponentProgress = InitializeMiscConfigLibrary","HKLM\SOFTWARE\Microsoft\Windows Defender\Diagnostics\InitializingComponentProgress = InitializeLogging"
"2026-08-06T21:44:19.114-0500","WIN-11","HKLM\SOFTWARE\Microsoft\Windows Defender\UX Configuration\ToastOrSsoTrigger = 0x0","HKLM\SOFTWARE\Microsoft\Windows Defender\UX Configuration\ToastOrSsoTrigger = 0x1"
"2026-08-06T21:28:38.827-0500","WIN-11","HKLM\SOFTWARE\Microsoft\Windows Defender\CoreService\WdConfigHash = 0x4BA796F5","HKLM\SOFTWARE\Microsoft\Windows Defender\CoreService\WdConfigHash = 0x6D8BECA8"
"2026-08-06T21:19:06.358-0500","WIN-11","HKLM\SOFTWARE\Microsoft\Windows Defender\Diagnostics\InitializingComponentProgress = RefreshFeatureStatus","HKLM\SOFTWARE\Microsoft\Windows Defender\Diagnostics\InitializingComponentProgress = ServiceStartedSuccessfully"
"2026-08-06T21:19:06.356-0500","WIN-11","HKLM\SOFTWARE\Microsoft\Windows Defender\ServiceStartStates = 0x1","Default\ServiceStartStates = 0x0"
"2026-08-06T21:19:05.266-0500","WIN-11","HKLM\SOFTWARE\Microsoft\Windows Defender\Diagnostics\InitializingComponentProgress = DeviceControlServiceStartup","HKLM\SOFTWARE\Microsoft\Windows Defender\Diagnostics\InitializingComponentProgress = RefreshFeatureStatus"
"2026-08-06T21:19:04.613-0500","WIN-11","","HKLM\SOFTWARE\Microsoft\Windows Defender\Features\Controls\_32 = 0x1"
"2026-08-06T21:19:04.607-0500","WIN-11","HKLM\SOFTWARE\Microsoft\Windows Defender\Diagnostics\InitializingComponentProgress = LoadingEngine","HKLM\SOFTWARE\Microsoft\Windows Defender\Diagnostics\InitializingComponentProgress = DeviceControlServiceStartup"
"2026-08-06T21:19:04.605-0500","WIN-11","HKLM\SOFTWARE\Microsoft\Windows Defender\CoreService\WdConfigHash = 0x50E99EDE","HKLM\SOFTWARE\Microsoft\Windows Defender\CoreService\WdConfigHash = 0x4BA796F5"
"2026-08-06T21:19:04.604-0500","WIN-11","Default\ProductAppDataPath = C:\ProgramData\Microsoft\Windows Defender","HKLM\SOFTWARE\Microsoft\Windows Defender\ProductAppDataPath = C:\ProgramData\Microsoft\Windows Defender"
"2026-08-06T21:17:56.400-0500","WIN-11","HKLM\SOFTWARE\Microsoft\Windows Defender\Diagnostics\InitializingComponentProgress = InitNiRtpPlugin","HKLM\SOFTWARE\Microsoft\Windows Defender\Diagnostics\InitializingComponentProgress = LoadingEngine"
"2026-08-06T21:17:55.123-0500","WIN-11","HKLM\SOFTWARE\Microsoft\Windows Defender\Diagnostics\InitializingComponentProgress = InitRtpPlugin","HKLM\SOFTWARE\Microsoft\Windows Defender\Diagnostics\InitializingComponentProgress = InitNiRtpPlugin"
"2026-08-06T21:17:54.495-0500","WIN-11","HKLM\SOFTWARE\Microsoft\Windows Defender\Diagnostics\InitializingComponentProgress = InitEventConfig","HKLM\SOFTWARE\Microsoft\Windows Defender\Diagnostics\InitializingComponentProgress = InitRtpPlugin"
"2026-08-06T21:17:53.846-0500","WIN-11","HKLM\SOFTWARE\Microsoft\Windows Defender\Diagnostics\InitializingComponentProgress = InitConsolidationLayer","HKLM\SOFTWARE\Microsoft\Windows Defender\Diagnostics\InitializingComponentProgress = InitEventConfig"
"2026-08-06T21:17:53.307-0500","WIN-11","HKLM\SOFTWARE\Microsoft\Windows Defender\Diagnostics\InitializingComponentProgress = InitPersistedCache","HKLM\SOFTWARE\Microsoft\Windows Defender\Diagnostics\InitializingComponentProgress = InitConsolidationLayer"
"2026-08-06T21:17:52.679-0500","WIN-11","HKLM\SOFTWARE\Microsoft\Windows Defender\Diagnostics\InitializingComponentProgress = PostPlatformUpdate","HKLM\SOFTWARE\Microsoft\Windows Defender\Diagnostics\InitializingComponentProgress = InitPersistedCache"
"2026-08-06T21:17:52.676-0500","WIN-11","Default\ServiceStartStates = 0x0","HKLM\SOFTWARE\Microsoft\Windows Defender\ServiceStartStates = 0x1"
"2026-08-06T21:17:48.268-0500","WIN-11","HKLM\SOFTWARE\Microsoft\Windows Defender\Features\EcsConfigs\ETag\Tag = ""WYjJZvdAiYejMgRGqTRolx/XUWq+uOwUSDIAXPJPj7c=""","HKLM\SOFTWARE\Microsoft\Windows Defender\Features\EcsConfigs\ETag\Tag = ""JbxbIgXkQzPvD678C9eJRKoYBKRUgU5B2TuEDtXA//I="""
"2026-08-06T21:17:48.267-0500","WIN-11","","HKLM\SOFTWARE\Microsoft\Windows Defender\Features\EcsConfigs\MpFC_Kernel_VetoCldFltRegSyncRoot = 0x1"
"2026-08-06T21:17:43.386-0500","WIN-11","HKLM\SOFTWARE\Microsoft\Windows Defender\Diagnostics\InitializingComponentProgress = InitRpcGlobals","HKLM\SOFTWARE\Microsoft\Windows Defender\Diagnostics\InitializingComponentProgress = PostPlatformUpdate"
"2026-08-06T21:17:43.381-0500","WIN-11","HKLM\SOFTWARE\Microsoft\Windows Defender\CoreService\WdConfigHash = 0x4BA796F5","HKLM\SOFTWARE\Microsoft\Windows Defender\CoreService\WdConfigHash = 0x50E99EDE"
"2026-08-06T21:17:42.826-0500","WIN-11","HKLM\SOFTWARE\Microsoft\Windows Defender\Diagnostics\InitializingComponentProgress = InitializeMiscConfigLibrary","HKLM\SOFTWARE\Microsoft\Windows Defender\Diagnostics\InitializingComponentProgress = InitRpcGlobals"
"2026-08-05T21:26:10.259-0500","WIN-11","HKLM\SOFTWARE\Microsoft\Windows Defender\CoreService\WdConfigHash = 0x22227835","HKLM\SOFTWARE\Microsoft\Windows Defender\CoreService\WdConfigHash = 0x4BA796F5"
"2026-08-05T21:15:49.498-0500","WIN-11","HKLM\SOFTWARE\Microsoft\Windows Defender\ServiceStartStates = 0x1","Default\ServiceStartStates = 0x0"
"2026-08-05T21:15:01.009-0500","WIN-11","HKLM\SOFTWARE\Microsoft\Windows Defender\Diagnostics\InitializingComponentProgress = LoadingEngine","HKLM\SOFTWARE\Microsoft\Windows Defender\Diagnostics\InitializingComponentProgress = ServiceStartedSuccessfully"
"2026-08-05T21:15:01.007-0500","WIN-11","HKLM\SOFTWARE\Microsoft\Windows Defender\CoreService\WdConfigHash = 0x396C701E","HKLM\SOFTWARE\Microsoft\Windows Defender\CoreService\WdConfigHash = 0x22227835"
"2026-08-05T21:15:01.006-0500","WIN-11","Default\ProductAppDataPath = C:\ProgramData\Microsoft\Windows Defender","HKLM\SOFTWARE\Microsoft\Windows Defender\ProductAppDataPath = C:\ProgramData\Microsoft\Windows Defender"
"2026-08-05T21:14:49.777-0500","WIN-11","HKLM\SOFTWARE\Microsoft\Windows Defender\Diagnostics\InitializingComponentProgress = InitNiRtpPlugin","HKLM\SOFTWARE\Microsoft\Windows Defender\Diagnostics\InitializingComponentProgress = LoadingEngine"
"2026-08-05T21:14:49.232-0500","WIN-11","HKLM\SOFTWARE\Microsoft\Windows Defender\Diagnostics\InitializingComponentProgress = PostPlatformUpdate","HKLM\SOFTWARE\Microsoft\Windows Defender\Diagnostics\InitializingComponentProgress = InitNiRtpPlugin"
"2026-08-05T21:14:49.230-0500","WIN-11","Default\ServiceStartStates = 0x0","HKLM\SOFTWARE\Microsoft\Windows Defender\ServiceStartStates = 0x1"
"2026-08-05T21:14:39.708-0500","WIN-11","HKLM\SOFTWARE\Microsoft\Windows Defender\Diagnostics\InitializingComponentProgress = InitRollbackManager","HKLM\SOFTWARE\Microsoft\Windows Defender\Diagnostics\InitializingComponentProgress = PostPlatformUpdate"
"2026-08-05T21:14:39.705-0500","WIN-11","HKLM\SOFTWARE\Microsoft\Windows Defender\CoreService\WdConfigHash = 0xFAD2AE39","HKLM\SOFTWARE\Microsoft\Windows Defender\CoreService\WdConfigHash = 0x396C701E"
"2026-08-05T21:14:39.049-0500","WIN-11","HKLM\SOFTWARE\Microsoft\Windows Defender\Diagnostics\InitializingComponentProgress = InitializeSampleManager","HKLM\SOFTWARE\Microsoft\Windows Defender\Diagnostics\InitializingComponentProgress = InitRollbackManager"
"2026-08-05T21:14:38.492-0500","WIN-11","HKLM\SOFTWARE\Microsoft\Windows Defender\Diagnostics\InitializingComponentProgress = InitializeMiscConfigLibrary","HKLM\SOFTWARE\Microsoft\Windows Defender\Diagnostics\InitializingComponentProgress = InitializeSampleManager"
"2026-08-05T21:14:38.456-0500","WIN-11","Default\IsServiceRunning = 0x0","HKLM\SOFTWARE\Microsoft\Windows Defender\IsServiceRunning = 0x1"
"2026-08-05T21:13:49.555-0500","WIN-11","HKLM\SOFTWARE\Microsoft\Windows Defender\Diagnostics\CleanupComponentProgress = ShutdownSpyNetManager","HKLM\SOFTWARE\Microsoft\Windows Defender\Diagnostics\CleanupComponentProgress = RtpPluginStop"
"2026-08-05T21:13:49.029-0500","WIN-11","HKLM\SOFTWARE\Microsoft\Windows Defender\Diagnostics\CleanupComponentProgress = CleanupCompleted","HKLM\SOFTWARE\Microsoft\Windows Defender\Diagnostics\CleanupComponentProgress = ShutdownSpyNetManager"
"2026-08-05T21:08:51.781-0500","WIN-11","HKLM\SOFTWARE\Microsoft\Windows Defender\ServiceStartStates = 0x1","Default\ServiceStartStates = 0x0"
"2026-08-05T21:08:18.565-0500","WIN-11","HKLM\SOFTWARE\Microsoft\Windows Defender\Diagnostics\InitializingComponentProgress = RefreshFeatureStatus","HKLM\SOFTWARE\Microsoft\Windows Defender\Diagnostics\InitializingComponentProgress = ServiceStartedSuccessfully"
"2026-08-05T21:08:17.665-0500","WIN-11","HKLM\SOFTWARE\Microsoft\Windows Defender\Diagnostics\InitializingComponentProgress = DeviceControlServiceStartup","HKLM\SOFTWARE\Microsoft\Windows Defender\Diagnostics\InitializingComponentProgress = RefreshFeatureStatus"
"2026-08-05T21:08:17.663-0500","WIN-11","Default\ProductAppDataPath = C:\ProgramData\Microsoft\Windows Defender","HKLM\SOFTWARE\Microsoft\Windows Defender\ProductAppDataPath = C:\ProgramData\Microsoft\Windows Defender"
"2026-08-05T21:08:17.663-0500","WIN-11","HKLM\SOFTWARE\Microsoft\Windows Defender\InstallLocation = C:\ProgramData\Microsoft\Windows Defender\Platform\4.18.26060.3008-0\","HKLM\SOFTWARE\Microsoft\Windows Defender\InstallLocation = C:\ProgramData\Microsoft\Windows Defender\Platform\4.18.26070.9-0\"
"2026-08-05T21:08:16.534-0500","WIN-11","HKLM\SOFTWARE\Microsoft\Windows Defender\Diagnostics\InitializingComponentProgress = LoadingEngine","HKLM\SOFTWARE\Microsoft\Windows Defender\Diagnostics\InitializingComponentProgress = DeviceControlServiceStartup"
"2026-08-05T21:08:16.532-0500","WIN-11","Default\DefenderDiag\CriticalSupportFiles = ","HKLM\SOFTWARE\Microsoft\Windows Defender\DefenderDiag\CriticalSupportFiles = "
"2026-08-05T21:07:51.580-0500","WIN-11","HKLM\SOFTWARE\Microsoft\Windows Defender\Diagnostics\InitializingComponentProgress = PostPlatformUpdate","HKLM\SOFTWARE\Microsoft\Windows Defender\Diagnostics\InitializingComponentProgress = LoadingEngine"
"2026-08-05T21:07:51.579-0500","WIN-11","Default\ServiceStartStates = 0x0","HKLM\SOFTWARE\Microsoft\Windows Defender\ServiceStartStates = 0x1"
"2026-08-05T21:07:47.502-0500","WIN-11","HKLM\SOFTWARE\Microsoft\Windows Defender\Diagnostics\InitializingComponentProgress = InitializeMiscConfigLibrary","HKLM\SOFTWARE\Microsoft\Windows Defender\Diagnostics\InitializingComponentProgress = PostPlatformUpdate"
"2026-08-05T21:07:47.499-0500","WIN-11","Default\IsServiceRunning = 0x0","HKLM\SOFTWARE\Microsoft\Windows Defender\IsServiceRunning = 0x1"
"2026-08-05T21:07:37.283-0500","WIN-11","HKLM\SOFTWARE\Microsoft\Windows Defender\Diagnostics\InitializingComponentProgress = InitializeMiscConfigLibrary","HKLM\SOFTWARE\Microsoft\Windows Defender\Diagnostics\InitializingComponentProgress = PostPlatformUpdate"
"2026-08-05T21:07:37.256-0500","WIN-11","Default\IsServiceRunning = 0x0","HKLM\SOFTWARE\Microsoft\Windows Defender\IsServiceRunning = 0x1"
"2026-08-05T21:07:34.392-0500","WIN-11","HKLM\SOFTWARE\Microsoft\Windows Defender\Diagnostics\CleanupComponentProgress = RtpPluginStop","HKLM\SOFTWARE\Microsoft\Windows Defender\Diagnostics\CleanupComponentProgress = CleanupEngine"
"2026-08-05T21:07:31.054-0500","WIN-11","HKLM\SOFTWARE\Microsoft\Windows Defender\Diagnostics\CleanupComponentProgress = CleanupCompleted","HKLM\SOFTWARE\Microsoft\Windows Defender\Diagnostics\CleanupComponentProgress = RtpPluginStop"
"2026-08-05T21:07:30.468-0500","WIN-11","HKLM\SOFTWARE\Microsoft\Windows Defender\NIS\Consumers\IPS\DisableBmNetworkSensor = 0x1","Default\NIS\Consumers\IPS\DisableBmNetworkSensor = 0x0"
"2026-08-05T21:07:22.367-0500","WIN-11","Default\NIS\Consumers\IPS\DisableBmNetworkSensor = 0x0","HKLM\SOFTWARE\Microsoft\Windows Defender\NIS\Consumers\IPS\DisableBmNetworkSensor = 0x1"
"2026-08-05T20:57:16.474-0500","WIN-11","Default\ProductAppDataPath = C:\ProgramData\Microsoft\Windows Defender","HKLM\SOFTWARE\Microsoft\Windows Defender\ProductAppDataPath = C:\ProgramData\Microsoft\Windows Defender"
"2026-08-05T20:57:16.474-0500","WIN-11","HKLM\SOFTWARE\Microsoft\Windows Defender\ServiceStartStates = 0x1","Default\ServiceStartStates = 0x0"
"2026-08-05T20:56:49.701-0500","WIN-11","HKLM\SOFTWARE\Microsoft\Windows Defender\Diagnostics\InitializingComponentProgress = RefreshFeatureStatus","HKLM\SOFTWARE\Microsoft\Windows Defender\Diagnostics\InitializingComponentProgress = ServiceStartedSuccessfully"
"2026-08-05T20:56:48.824-0500","WIN-11","HKLM\SOFTWARE\Microsoft\Windows Defender\Diagnostics\InitializingComponentProgress = InitTaskScheduler","HKLM\SOFTWARE\Microsoft\Windows Defender\Diagnostics\InitializingComponentProgress = RefreshFeatureStatus"
"2026-08-05T20:56:48.215-0500","WIN-11","HKLM\SOFTWARE\Microsoft\Windows Defender\Diagnostics\InitializingComponentProgress = InitSpyNetManagerPostRpc","HKLM\SOFTWARE\Microsoft\Windows Defender\Diagnostics\InitializingComponentProgress = InitTaskScheduler"
"2026-08-05T20:56:47.515-0500","WIN-11","HKLM\SOFTWARE\Microsoft\Windows Defender\Diagnostics\InitializingComponentProgress = InitDefenderServiceRpc","HKLM\SOFTWARE\Microsoft\Windows Defender\Diagnostics\InitializingComponentProgress = InitSpyNetManagerPostRpc"
"2026-08-05T20:56:46.979-0500","WIN-11","HKLM\SOFTWARE\Microsoft\Windows Defender\Diagnostics\InitializingComponentProgress = LoadingEngine","HKLM\SOFTWARE\Microsoft\Windows Defender\Diagnostics\InitializingComponentProgress = InitDefenderServiceRpc"
"2026-08-05T20:56:46.976-0500","WIN-11","HKLM\SOFTWARE\Microsoft\Windows Defender\CoreService\WdConfigHash = 0xE19CA612","HKLM\SOFTWARE\Microsoft\Windows Defender\CoreService\WdConfigHash = 0xFAD2AE39"
"2026-08-05T20:56:19.205-0500","WIN-11","HKLM\SOFTWARE\Microsoft\Windows Defender\Diagnostics\InitializingComponentProgress = InitNiRtpPlugin","HKLM\SOFTWARE\Microsoft\Windows Defender\Diagnostics\InitializingComponentProgress = LoadingEngine"
"2026-08-05T20:56:17.500-0500","WIN-11","HKLM\SOFTWARE\Microsoft\Windows Defender\Diagnostics\InitializingComponentProgress = InitRtpPlugin","HKLM\SOFTWARE\Microsoft\Windows Defender\Diagnostics\InitializingComponentProgress = InitNiRtpPlugin"
"2026-08-05T20:56:16.551-0500","WIN-11","HKLM\SOFTWARE\Microsoft\Windows Defender\Diagnostics\InitializingComponentProgress = InitServiceCleanupManager","HKLM\SOFTWARE\Microsoft\Windows Defender\Diagnostics\InitializingComponentProgress = InitRtpPlugin"
"2026-08-05T20:56:16.030-0500","WIN-11","HKLM\SOFTWARE\Microsoft\Windows Defender\Diagnostics\InitializingComponentProgress = InitPowerManager","HKLM\SOFTWARE\Microsoft\Windows Defender\Diagnostics\InitializingComponentProgress = InitServiceCleanupManager"
"2026-08-05T20:56:15.515-0500","WIN-11","HKLM\SOFTWARE\Microsoft\Windows Defender\Diagnostics\InitializingComponentProgress = PostPlatformUpdate","HKLM\SOFTWARE\Microsoft\Windows Defender\Diagnostics\InitializingComponentProgress = InitPowerManager"
"2026-08-05T20:56:15.514-0500","WIN-11","Default\ServiceStartStates = 0x0","HKLM\SOFTWARE\Microsoft\Windows Defender\ServiceStartStates = 0x1"
"2026-08-05T20:56:01.148-0500","WIN-11","HKLM\SOFTWARE\Microsoft\Windows Defender\Diagnostics\InitializingComponentProgress = InitializeMapsLatency","HKLM\SOFTWARE\Microsoft\Windows Defender\Diagnostics\InitializingComponentProgress = PostPlatformUpdate"
"2026-08-05T20:56:01.141-0500","WIN-11","HKLM\SOFTWARE\Microsoft\Windows Defender\CoreService\WdConfigHash = 0xFAD2AE39","HKLM\SOFTWARE\Microsoft\Windows Defender\CoreService\WdConfigHash = 0xE19CA612"
"2026-08-05T20:56:00.603-0500","WIN-11","HKLM\SOFTWARE\Microsoft\Windows Defender\Diagnostics\InitializingComponentProgress = InitializeMiscConfigLibrary","HKLM\SOFTWARE\Microsoft\Windows Defender\Diagnostics\InitializingComponentProgress = InitializeMapsLatency"
"2026-08-05T20:30:24.156-0500","WIN-11","Default\ProductAppDataPath = C:\ProgramData\Microsoft\Windows Defender","HKLM\SOFTWARE\Microsoft\Windows Defender\ProductAppDataPath = C:\ProgramData\Microsoft\Windows Defender"
"2026-08-05T20:30:24.155-0500","WIN-11","HKLM\SOFTWARE\Microsoft\Windows Defender\ServiceStartStates = 0x1","Default\ServiceStartStates = 0x0"
"2026-08-05T20:29:36.887-0500","WIN-11","HKLM\SOFTWARE\Microsoft\Windows Defender\Diagnostics\InitializingComponentProgress = RefreshFeatureStatus","HKLM\SOFTWARE\Microsoft\Windows Defender\Diagnostics\InitializingComponentProgress = ServiceStartedSuccessfully"
"2026-08-05T20:29:35.690-0500","WIN-11","HKLM\SOFTWARE\Microsoft\Windows Defender\Diagnostics\InitializingComponentProgress = DeviceControlServiceStartup","HKLM\SOFTWARE\Microsoft\Windows Defender\Diagnostics\InitializingComponentProgress = RefreshFeatureStatus"
"2026-08-05T20:29:34.998-0500","WIN-11","HKLM\SOFTWARE\Microsoft\Windows Defender\Diagnostics\InitializingComponentProgress = LoadingEngine","HKLM\SOFTWARE\Microsoft\Windows Defender\Diagnostics\InitializingComponentProgress = DeviceControlServiceStartup"
"2026-08-05T20:29:34.996-0500","WIN-11","HKLM\SOFTWARE\Microsoft\Windows Defender\CoreService\WdConfigHash = 0xE19CA612","HKLM\SOFTWARE\Microsoft\Windows Defender\CoreService\WdConfigHash = 0xFAD2AE39"
"2026-08-05T20:29:24.262-0500","WIN-11","HKLM\SOFTWARE\Microsoft\Windows Defender\Diagnostics\InitializingComponentProgress = InitNiRtpPlugin","HKLM\SOFTWARE\Microsoft\Windows Defender\Diagnostics\InitializingComponentProgress = LoadingEngine"
"2026-08-05T20:29:23.716-0500","WIN-11","HKLM\SOFTWARE\Microsoft\Windows Defender\Diagnostics\InitializingComponentProgress = PostPlatformUpdate","HKLM\SOFTWARE\Microsoft\Windows Defender\Diagnostics\InitializingComponentProgress = InitNiRtpPlugin"
"2026-08-05T20:29:23.715-0500","WIN-11","Default\ServiceStartStates = 0x0","HKLM\SOFTWARE\Microsoft\Windows Defender\ServiceStartStates = 0x1"
"2026-08-05T20:29:14.200-0500","WIN-11","HKLM\SOFTWARE\Microsoft\Windows Defender\Diagnostics\InitializingComponentProgress = InitializeLogging","HKLM\SOFTWARE\Microsoft\Windows Defender\Diagnostics\InitializingComponentProgress = PostPlatformUpdate"
"2026-08-05T20:29:14.195-0500","WIN-11","HKLM\SOFTWARE\Microsoft\Windows Defender\CoreService\WdConfigHash = 0xFAD2AE39","HKLM\SOFTWARE\Microsoft\Windows Defender\CoreService\WdConfigHash = 0xE19CA612"
"2026-08-05T20:29:13.610-0500","WIN-11","HKLM\SOFTWARE\Microsoft\Windows Defender\Diagnostics\InitializingComponentProgress = InitializeMiscConfigLibrary","HKLM\SOFTWARE\Microsoft\Windows Defender\Diagnostics\InitializingComponentProgress = InitializeLogging"
"2026-08-05T17:57:13.506-0500","WIN-11","HKLM\SOFTWARE\Microsoft\Windows Defender\CoreService\WdConfigHash = 0x2256A8DE","HKLM\SOFTWARE\Microsoft\Windows Defender\CoreService\WdConfigHash = 0xFAD2AE39"
"2026-08-05T17:54:29.695-0500","WIN-11","HKLM\SOFTWARE\Microsoft\Windows Defender\SpyNet\LastMAPSFailureTimeString = 2026-08-04T22:01:57Z","HKLM\SOFTWARE\Microsoft\Windows Defender\SpyNet\LastMAPSFailureTimeString = 2026-08-05T22:54:29Z"
"2026-08-05T17:44:52.588-0500","WIN-11","Default\ProductAppDataPath = C:\ProgramData\Microsoft\Windows Defender","HKLM\SOFTWARE\Microsoft\Windows Defender\ProductAppDataPath = C:\ProgramData\Microsoft\Windows Defender"
"2026-08-05T17:44:52.588-0500","WIN-11","HKLM\SOFTWARE\Microsoft\Windows Defender\ServiceStartStates = 0x1","Default\ServiceStartStates = 0x0"
"2026-08-05T17:44:18.063-0500","WIN-11","HKLM\SOFTWARE\Microsoft\Windows Defender\Diagnostics\InitializingComponentProgress = RefreshFeatureStatus","HKLM\SOFTWARE\Microsoft\Windows Defender\Diagnostics\InitializingComponentProgress = ServiceStartedSuccessfully"
"2026-08-05T17:44:17.109-0500","WIN-11","HKLM\SOFTWARE\Microsoft\Windows Defender\Diagnostics\InitializingComponentProgress = InitUrlSignatureBlobManager","HKLM\SOFTWARE\Microsoft\Windows Defender\Diagnostics\InitializingComponentProgress = RefreshFeatureStatus"
"2026-08-05T17:44:16.587-0500","WIN-11","HKLM\SOFTWARE\Microsoft\Windows Defender\Diagnostics\InitializingComponentProgress = LoadingEngine","HKLM\SOFTWARE\Microsoft\Windows Defender\Diagnostics\InitializingComponentProgress = InitUrlSignatureBlobManager"
"2026-08-05T17:44:16.585-0500","WIN-11","HKLM\SOFTWARE\Microsoft\Windows Defender\CoreService\WdConfigHash = 0x3918A0F5","HKLM\SOFTWARE\Microsoft\Windows Defender\CoreService\WdConfigHash = 0x2256A8DE"
"2026-08-05T17:43:53.415-0500","WIN-11","HKLM\SOFTWARE\Microsoft\Windows Defender\Diagnostics\InitializingComponentProgress = InitNiRtpPlugin","HKLM\SOFTWARE\Microsoft\Windows Defender\Diagnostics\InitializingComponentProgress = LoadingEngine"
"2026-08-05T17:43:52.629-0500","WIN-11","HKLM\SOFTWARE\Microsoft\Windows Defender\Diagnostics\InitializingComponentProgress = InitRtpPlugin","HKLM\SOFTWARE\Microsoft\Windows Defender\Diagnostics\InitializingComponentProgress = InitNiRtpPlugin"
"2026-08-05T17:43:51.878-0500","WIN-11","HKLM\SOFTWARE\Microsoft\Windows Defender\Diagnostics\InitializingComponentProgress = InitEventConfig","HKLM\SOFTWARE\Microsoft\Windows Defender\Diagnostics\InitializingComponentProgress = InitRtpPlugin"
"2026-08-05T17:43:51.221-0500","WIN-11","HKLM\SOFTWARE\Microsoft\Windows Defender\Diagnostics\InitializingComponentProgress = InitSpynetManager","HKLM\SOFTWARE\Microsoft\Windows Defender\Diagnostics\InitializingComponentProgress = InitEventConfig"
"2026-08-05T17:43:50.537-0500","WIN-11","HKLM\SOFTWARE\Microsoft\Windows Defender\Diagnostics\InitializingComponentProgress = InitTPState","HKLM\SOFTWARE\Microsoft\Windows Defender\Diagnostics\InitializingComponentProgress = InitSpynetManager"
"2026-08-05T17:43:49.893-0500","WIN-11","HKLM\SOFTWARE\Microsoft\Windows Defender\Diagnostics\InitializingComponentProgress = PostPlatformUpdate","HKLM\SOFTWARE\Microsoft\Windows Defender\Diagnostics\InitializingComponentProgress = InitTPState"
"2026-08-05T17:43:49.891-0500","WIN-11","Default\ServiceStartStates = 0x0","HKLM\SOFTWARE\Microsoft\Windows Defender\ServiceStartStates = 0x1"
"2026-08-05T17:43:37.736-0500","WIN-11","HKLM\SOFTWARE\Microsoft\Windows Defender\Diagnostics\InitializingComponentProgress = StartServiceStartupMonitorTimer","HKLM\SOFTWARE\Microsoft\Windows Defender\Diagnostics\InitializingComponentProgress = PostPlatformUpdate"
"2026-08-05T17:43:37.734-0500","WIN-11","HKLM\SOFTWARE\Microsoft\Windows Defender\CoreService\WdConfigHash = 0x2256A8DE","HKLM\SOFTWARE\Microsoft\Windows Defender\CoreService\WdConfigHash = 0x3918A0F5"
"2026-08-05T17:43:37.209-0500","WIN-11","HKLM\SOFTWARE\Microsoft\Windows Defender\Diagnostics\InitializingComponentProgress = InitializeMiscConfigLibrary","HKLM\SOFTWARE\Microsoft\Windows Defender\Diagnostics\InitializingComponentProgress = StartServiceStartupMonitorTimer"
"2026-08-05T17:20:53.345-0500","WIN-11","Default\ProductAppDataPath = C:\ProgramData\Microsoft\Windows Defender","HKLM\SOFTWARE\Microsoft\Windows Defender\ProductAppDataPath = C:\ProgramData\Microsoft\Windows Defender"
"2026-08-05T17:20:53.345-0500","WIN-11","HKLM\SOFTWARE\Microsoft\Windows Defender\ServiceStartStates = 0x1","Default\ServiceStartStates = 0x0"
"2026-08-05T17:20:13.111-0500","WIN-11","HKLM\SOFTWARE\Microsoft\Windows Defender\Diagnostics\InitializingComponentProgress = RefreshFeatureStatus","HKLM\SOFTWARE\Microsoft\Windows Defender\Diagnostics\InitializingComponentProgress = ServiceStartedSuccessfully"
"2026-08-05T17:20:11.233-0500","WIN-11","HKLM\SOFTWARE\Microsoft\Windows Defender\Diagnostics\InitializingComponentProgress = LoadingEngine","HKLM\SOFTWARE\Microsoft\Windows Defender\Diagnostics\InitializingComponentProgress = RefreshFeatureStatus"
"2026-08-05T17:20:11.217-0500","WIN-11","HKLM\SOFTWARE\Microsoft\Windows Defender\CoreService\WdConfigHash = 0x5C7F9BB3","HKLM\SOFTWARE\Microsoft\Windows Defender\CoreService\WdConfigHash = 0x2256A8DE"
"2026-08-05T17:20:10.623-0500","WIN-11","","HKLM\SOFTWARE\Microsoft\Windows Defender\Features\Controls\204 = 0x1"
"2026-08-05T17:20:10.623-0500","WIN-11","","HKLM\SOFTWARE\Microsoft\Windows Defender\Features\Controls\203 = 0x1"
"2026-08-05T17:19:52.988-0500","WIN-11","HKLM\SOFTWARE\Microsoft\Windows Defender\Diagnostics\InitializingComponentProgress = InitMemoryScanManager","HKLM\SOFTWARE\Microsoft\Windows Defender\Diagnostics\InitializingComponentProgress = LoadingEngine"
"2026-08-05T17:19:52.483-0500","WIN-11","HKLM\SOFTWARE\Microsoft\Windows Defender\Diagnostics\InitializingComponentProgress = PostPlatformUpdate","HKLM\SOFTWARE\Microsoft\Windows Defender\Diagnostics\InitializingComponentProgress = InitMemoryScanManager"
"2026-08-05T17:19:52.482-0500","WIN-11","Default\ServiceStartStates = 0x0","HKLM\SOFTWARE\Microsoft\Windows Defender\ServiceStartStates = 0x1"
"2026-08-05T17:19:41.045-0500","WIN-11","HKLM\SOFTWARE\Microsoft\Windows Defender\CoreService\WdConfigHash = 0x47319398","HKLM\SOFTWARE\Microsoft\Windows Defender\CoreService\WdConfigHash = 0x5C7F9BB3"
"2026-08-05T17:19:40.993-0500","WIN-11","HKLM\SOFTWARE\Microsoft\Windows Defender\Diagnostics\InitializingComponentProgress = InitializeLogging","HKLM\SOFTWARE\Microsoft\Windows Defender\Diagnostics\InitializingComponentProgress = PostPlatformUpdate"
"2026-08-05T17:19:40.393-0500","WIN-11","HKLM\SOFTWARE\Microsoft\Windows Defender\Diagnostics\InitializingComponentProgress = InitializeMiscConfigLibrary","HKLM\SOFTWARE\Microsoft\Windows Defender\Diagnostics\InitializingComponentProgress = InitializeLogging"
"2026-08-05T16:42:52.904-0500","WIN-11","Default\ProductAppDataPath = C:\ProgramData\Microsoft\Windows Defender","HKLM\SOFTWARE\Microsoft\Windows Defender\ProductAppDataPath = C:\ProgramData\Microsoft\Windows Defender"
"2026-08-05T16:42:52.904-0500","WIN-11","HKLM\SOFTWARE\Microsoft\Windows Defender\ServiceStartStates = 0x1","Default\ServiceStartStates = 0x0"
"2026-08-05T16:42:08.359-0500","WIN-11","HKLM\SOFTWARE\Microsoft\Windows Defender\Diagnostics\InitializingComponentProgress = LoadingEngine","HKLM\SOFTWARE\Microsoft\Windows Defender\Diagnostics\InitializingComponentProgress = ServiceStartedSuccessfully"
"2026-08-05T16:42:08.357-0500","WIN-11","HKLM\SOFTWARE\Microsoft\Windows Defender\CoreService\WdConfigHash = 0x5C7F9BB3","HKLM\SOFTWARE\Microsoft\Windows Defender\CoreService\WdConfigHash = 0x47319398"
"2026-08-05T16:41:53.497-0500","WIN-11","HKLM\SOFTWARE\Microsoft\Windows Defender\Diagnostics\InitializingComponentProgress = InitNiRtpPlugin","HKLM\SOFTWARE\Microsoft\Windows Defender\Diagnostics\InitializingComponentProgress = LoadingEngine"
"2026-08-05T16:41:52.931-0500","WIN-11","HKLM\SOFTWARE\Microsoft\Windows Defender\Diagnostics\InitializingComponentProgress = InitSpynetManager","HKLM\SOFTWARE\Microsoft\Windows Defender\Diagnostics\InitializingComponentProgress = InitNiRtpPlugin"
"2026-08-05T16:41:52.314-0500","WIN-11","HKLM\SOFTWARE\Microsoft\Windows Defender\Diagnostics\InitializingComponentProgress = PostPlatformUpdate","HKLM\SOFTWARE\Microsoft\Windows Defender\Diagnostics\InitializingComponentProgress = InitSpynetManager"
"2026-08-05T16:41:52.312-0500","WIN-11","Default\ServiceStartStates = 0x0","HKLM\SOFTWARE\Microsoft\Windows Defender\ServiceStartStates = 0x1"
"2026-08-05T16:41:43.829-0500","WIN-11","HKLM\SOFTWARE\Microsoft\Windows Defender\Diagnostics\InitializingComponentProgress = InitializeMiscConfigLibrary","HKLM\SOFTWARE\Microsoft\Windows Defender\Diagnostics\InitializingComponentProgress = PostPlatformUpdate"
"2026-08-05T16:41:43.828-0500","WIN-11","HKLM\SOFTWARE\Microsoft\Windows Defender\CoreService\WdConfigHash = 0x47319398","HKLM\SOFTWARE\Microsoft\Windows Defender\CoreService\WdConfigHash = 0x5C7F9BB3"
"2026-08-04T19:37:21.026-0500","WIN-11","HKLM\SOFTWARE\Microsoft\Windows Defender\Diagnostics\LastSignatureUpdateResult = 0x80072EE7","HKLM\SOFTWARE\Microsoft\Windows Defender\Diagnostics\LastSignatureUpdateResult = 0x0"
"2026-08-04T19:37:21.025-0500","WIN-11","HKLM\SOFTWARE\Microsoft\Windows Defender\CoreService\WdConfigHash = 0x87C67B51","HKLM\SOFTWARE\Microsoft\Windows Defender\CoreService\WdConfigHash = 0x47319398"
"2026-08-04T19:26:40.021-0500","WIN-11","Default\ProductAppDataPath = C:\ProgramData\Microsoft\Windows Defender","HKLM\SOFTWARE\Microsoft\Windows Defender\ProductAppDataPath = C:\ProgramData\Microsoft\Windows Defender"
"2026-08-04T19:26:40.021-0500","WIN-11","HKLM\SOFTWARE\Microsoft\Windows Defender\ServiceStartStates = 0x1","Default\ServiceStartStates = 0x0"
"2026-08-04T19:26:37.591-0500","WIN-11","HKLM\SOFTWARE\Microsoft\Windows Defender\Diagnostics\InitializingComponentProgress = RefreshFeatureStatus","HKLM\SOFTWARE\Microsoft\Windows Defender\Diagnostics\InitializingComponentProgress = ServiceStartedSuccessfully"
"2026-08-04T19:26:36.957-0500","WIN-11","HKLM\SOFTWARE\Microsoft\Windows Defender\Diagnostics\InitializingComponentProgress = DeviceControlServiceStartup","HKLM\SOFTWARE\Microsoft\Windows Defender\Diagnostics\InitializingComponentProgress = RefreshFeatureStatus"
"2026-08-04T19:26:36.344-0500","WIN-11","HKLM\SOFTWARE\Microsoft\Windows Defender\Diagnostics\InitializingComponentProgress = InitDefenderServiceRpc","HKLM\SOFTWARE\Microsoft\Windows Defender\Diagnostics\InitializingComponentProgress = DeviceControlServiceStartup"
"2026-08-04T19:26:35.589-0500","WIN-11","HKLM\SOFTWARE\Microsoft\Windows Defender\Diagnostics\InitializingComponentProgress = LoadingEngine","HKLM\SOFTWARE\Microsoft\Windows Defender\Diagnostics\InitializingComponentProgress = InitDefenderServiceRpc"
"2026-08-04T19:26:35.581-0500","WIN-11","HKLM\SOFTWARE\Microsoft\Windows Defender\CoreService\WdConfigHash = 0x9C88737A","HKLM\SOFTWARE\Microsoft\Windows Defender\CoreService\WdConfigHash = 0x87C67B51"
"2026-08-04T19:24:42.686-0500","WIN-11","HKLM\SOFTWARE\Microsoft\Windows Defender\Diagnostics\InitializingComponentProgress = RegistringUxToastLibrary","HKLM\SOFTWARE\Microsoft\Windows Defender\Diagnostics\InitializingComponentProgress = LoadingEngine"
"2026-08-04T19:24:41.976-0500","WIN-11","HKLM\SOFTWARE\Microsoft\Windows Defender\Diagnostics\InitializingComponentProgress = InitNiRtpPlugin","HKLM\SOFTWARE\Microsoft\Windows Defender\Diagnostics\InitializingComponentProgress = RegistringUxToastLibrary"
"2026-08-04T19:24:39.870-0500","WIN-11","HKLM\SOFTWARE\Microsoft\Windows Defender\Diagnostics\InitializingComponentProgress = InitRtpPlugin","HKLM\SOFTWARE\Microsoft\Windows Defender\Diagnostics\InitializingComponentProgress = InitNiRtpPlugin"
"2026-08-04T19:24:37.114-0500","WIN-11","HKLM\SOFTWARE\Microsoft\Windows Defender\Diagnostics\InitializingComponentProgress = InitEventConfig","HKLM\SOFTWARE\Microsoft\Windows Defender\Diagnostics\InitializingComponentProgress = InitRtpPlugin"
"2026-08-04T19:24:35.359-0500","WIN-11","HKLM\SOFTWARE\Microsoft\Windows Defender\Diagnostics\InitializingComponentProgress = InitSpynetManager","HKLM\SOFTWARE\Microsoft\Windows Defender\Diagnostics\InitializingComponentProgress = InitEventConfig"
"2026-08-04T19:24:33.366-0500","WIN-11","HKLM\SOFTWARE\Microsoft\Windows Defender\Diagnostics\InitializingComponentProgress = InitTPState","HKLM\SOFTWARE\Microsoft\Windows Defender\Diagnostics\InitializingComponentProgress = InitSpynetManager"
"2026-08-04T19:24:32.668-0500","WIN-11","HKLM\SOFTWARE\Microsoft\Windows Defender\Diagnostics\InitializingComponentProgress = PostPlatformUpdate","HKLM\SOFTWARE\Microsoft\Windows Defender\Diagnostics\InitializingComponentProgress = InitTPState"
"2026-08-04T19:24:32.667-0500","WIN-11","Default\ServiceStartStates = 0x0","HKLM\SOFTWARE\Microsoft\Windows Defender\ServiceStartStates = 0x1"
"2026-08-04T19:22:50.854-0500","WIN-11","HKLM\SOFTWARE\Microsoft\Windows Defender\Diagnostics\InitializingComponentProgress = InitWppTracing","HKLM\SOFTWARE\Microsoft\Windows Defender\Diagnostics\InitializingComponentProgress = PostPlatformUpdate"
"2026-08-04T19:22:50.840-0500","WIN-11","HKLM\SOFTWARE\Microsoft\Windows Defender\CoreService\WdConfigHash = 0x87C67B51","HKLM\SOFTWARE\Microsoft\Windows Defender\CoreService\WdConfigHash = 0x9C88737A"
"2026-08-04T19:22:50.083-0500","WIN-11","HKLM\SOFTWARE\Microsoft\Windows Defender\Diagnostics\InitializingComponentProgress = InitializeMapsLatency","HKLM\SOFTWARE\Microsoft\Windows Defender\Diagnostics\InitializingComponentProgress = InitWppTracing"
"2026-08-04T19:22:49.461-0500","WIN-11","HKLM\SOFTWARE\Microsoft\Windows Defender\Diagnostics\InitializingComponentProgress = InitializeMiscConfigLibrary","HKLM\SOFTWARE\Microsoft\Windows Defender\Diagnostics\InitializingComponentProgress = InitializeMapsLatency"
"2026-08-04T18:45:43.932-0500","WIN-11","Default\ProductAppDataPath = C:\ProgramData\Microsoft\Windows Defender","HKLM\SOFTWARE\Microsoft\Windows Defender\ProductAppDataPath = C:\ProgramData\Microsoft\Windows Defender"
"2026-08-04T18:45:43.932-0500","WIN-11","HKLM\SOFTWARE\Microsoft\Windows Defender\ServiceStartStates = 0x1","Default\ServiceStartStates = 0x0"
"2026-08-04T18:44:54.283-0500","WIN-11","HKLM\SOFTWARE\Microsoft\Windows Defender\Features\Controls\203 = 0x1",""
"2026-08-04T18:44:54.279-0500","WIN-11","HKLM\SOFTWARE\Microsoft\Windows Defender\Diagnostics\InitializingComponentProgress = LoadingEngine","HKLM\SOFTWARE\Microsoft\Windows Defender\Diagnostics\InitializingComponentProgress = ServiceStartedSuccessfully"
"2026-08-04T18:44:54.278-0500","WIN-11","HKLM\SOFTWARE\Microsoft\Windows Defender\CoreService\WdConfigHash = 0xF9EF483C","HKLM\SOFTWARE\Microsoft\Windows Defender\CoreService\WdConfigHash = 0x87C67B51"
"2026-08-04T18:44:44.195-0500","WIN-11","HKLM\SOFTWARE\Microsoft\Windows Defender\Diagnostics\InitializingComponentProgress = InitNiRtpPlugin","HKLM\SOFTWARE\Microsoft\Windows Defender\Diagnostics\InitializingComponentProgress = LoadingEngine"
"2026-08-04T18:44:43.677-0500","WIN-11","HKLM\SOFTWARE\Microsoft\Windows Defender\Diagnostics\InitializingComponentProgress = PostPlatformUpdate","HKLM\SOFTWARE\Microsoft\Windows Defender\Diagnostics\InitializingComponentProgress = InitNiRtpPlugin"
"2026-08-04T18:44:43.675-0500","WIN-11","Default\ServiceStartStates = 0x0","HKLM\SOFTWARE\Microsoft\Windows Defender\ServiceStartStates = 0x1"
"2026-08-04T18:44:37.375-0500","WIN-11","HKLM\SOFTWARE\Microsoft\Windows Defender\Diagnostics\InitializingComponentProgress = InitializeMiscConfigLibrary","HKLM\SOFTWARE\Microsoft\Windows Defender\Diagnostics\InitializingComponentProgress = PostPlatformUpdate"
"2026-08-04T18:44:37.373-0500","WIN-11","HKLM\SOFTWARE\Microsoft\Windows Defender\CoreService\WdConfigHash = 0xE2A14017","HKLM\SOFTWARE\Microsoft\Windows Defender\CoreService\WdConfigHash = 0xF9EF483C"
"2026-08-04T17:26:10.302-0500","WIN-11","HKLM\SOFTWARE\Microsoft\Windows Defender\UX Configuration\ToastOrSsoTrigger = 0x1","HKLM\SOFTWARE\Microsoft\Windows Defender\UX Configuration\ToastOrSsoTrigger = 0x0"
"2026-08-04T17:25:15.843-0500","WIN-11","HKLM\SOFTWARE\Microsoft\Windows Defender\Diagnostics\LastSignatureUpdateResult = 0x8024402C","HKLM\SOFTWARE\Microsoft\Windows Defender\Diagnostics\LastSignatureUpdateResult = 0x80072EE7"
"2026-08-04T17:25:15.074-0500","WIN-11","HKLM\SOFTWARE\Microsoft\Windows Defender\Diagnostics\LastSignatureUpdateResult = 0x80072EE7","HKLM\SOFTWARE\Microsoft\Windows Defender\Diagnostics\LastSignatureUpdateResult = 0x8024402C"
"2026-08-04T17:15:09.525-0500","WIN-11","Default\ProductAppDataPath = C:\ProgramData\Microsoft\Windows Defender","HKLM\SOFTWARE\Microsoft\Windows Defender\ProductAppDataPath = C:\ProgramData\Microsoft\Windows Defender"
"2026-08-04T17:15:09.525-0500","WIN-11","HKLM\SOFTWARE\Microsoft\Windows Defender\ServiceStartStates = 0x1","Default\ServiceStartStates = 0x0"
"2026-08-04T17:14:21.561-0500","WIN-11","HKLM\SOFTWARE\Microsoft\Windows Defender\Diagnostics\InitializingComponentProgress = LoadingEngine","HKLM\SOFTWARE\Microsoft\Windows Defender\Diagnostics\InitializingComponentProgress = ServiceStartedSuccessfully"
"2026-08-04T17:14:21.558-0500","WIN-11","HKLM\SOFTWARE\Microsoft\Windows Defender\CoreService\WdConfigHash = 0xF9EF483C","HKLM\SOFTWARE\Microsoft\Windows Defender\CoreService\WdConfigHash = 0xE2A14017"
"2026-08-04T17:14:09.850-0500","WIN-11","HKLM\SOFTWARE\Microsoft\Windows Defender\Diagnostics\InitializingComponentProgress = InitNiRtpPlugin","HKLM\SOFTWARE\Microsoft\Windows Defender\Diagnostics\InitializingComponentProgress = LoadingEngine"
"2026-08-04T17:14:09.237-0500","WIN-11","HKLM\SOFTWARE\Microsoft\Windows Defender\Diagnostics\InitializingComponentProgress = PostPlatformUpdate","HKLM\SOFTWARE\Microsoft\Windows Defender\Diagnostics\InitializingComponentProgress = InitNiRtpPlugin"
"2026-08-04T17:14:09.236-0500","WIN-11","Default\ServiceStartStates = 0x0","HKLM\SOFTWARE\Microsoft\Windows Defender\ServiceStartStates = 0x1"
"2026-08-04T17:14:01.851-0500","WIN-11","HKLM\SOFTWARE\Microsoft\Windows Defender\Diagnostics\InitializingComponentProgress = CheckingLowCostDevice","HKLM\SOFTWARE\Microsoft\Windows Defender\Diagnostics\InitializingComponentProgress = PostPlatformUpdate"
"2026-08-04T17:14:01.848-0500","WIN-11","HKLM\SOFTWARE\Microsoft\Windows Defender\CoreService\WdConfigHash = 0xE2A14017","HKLM\SOFTWARE\Microsoft\Windows Defender\CoreService\WdConfigHash = 0xF9EF483C"
"2026-08-04T17:14:01.330-0500","WIN-11","HKLM\SOFTWARE\Microsoft\Windows Defender\Diagnostics\InitializingComponentProgress = InitializeMiscConfigLibrary","HKLM\SOFTWARE\Microsoft\Windows Defender\Diagnostics\InitializingComponentProgress = CheckingLowCostDevice"
"2026-08-04T17:01:57.862-0500","WIN-11","HKLM\SOFTWARE\Microsoft\Windows Defender\SpyNet\LastMAPSFailureTimeString = 2026-07-31T23:59:50Z","HKLM\SOFTWARE\Microsoft\Windows Defender\SpyNet\LastMAPSFailureTimeString = 2026-08-04T22:01:57Z"
"2026-08-04T17:01:49.061-0500","WIN-11","HKLM\SOFTWARE\Microsoft\Windows Defender\Diagnostics\LastSignatureUpdateResult = 0x8024402C","HKLM\SOFTWARE\Microsoft\Windows Defender\Diagnostics\LastSignatureUpdateResult = 0x80072EE7"
"2026-08-04T17:01:48.193-0500","WIN-11","HKLM\SOFTWARE\Microsoft\Windows Defender\Diagnostics\LastSignatureUpdateResult = 0x0","HKLM\SOFTWARE\Microsoft\Windows Defender\Diagnostics\LastSignatureUpdateResult = 0x8024402C"
"2026-08-04T16:51:38.076-0500","WIN-11","HKLM\SOFTWARE\Microsoft\Windows Defender\Diagnostics\InitializingComponentProgress = RefreshFeatureStatus","HKLM\SOFTWARE\Microsoft\Windows Defender\Diagnostics\InitializingComponentProgress = ServiceStartedSuccessfully"
"2026-08-04T16:51:38.075-0500","WIN-11","Default\ProductAppDataPath = C:\ProgramData\Microsoft\Windows Defender","HKLM\SOFTWARE\Microsoft\Windows Defender\ProductAppDataPath = C:\ProgramData\Microsoft\Windows Defender"
"2026-08-04T16:51:38.075-0500","WIN-11","HKLM\SOFTWARE\Microsoft\Windows Defender\ServiceStartStates = 0x1","Default\ServiceStartStates = 0x0"
"2026-08-04T16:51:34.534-0500","WIN-11","HKLM\SOFTWARE\Microsoft\Windows Defender\Diagnostics\InitializingComponentProgress = InitSpyNetManagerPostRpc","HKLM\SOFTWARE\Microsoft\Windows Defender\Diagnostics\InitializingComponentProgress = RefreshFeatureStatus"
"2026-08-04T16:51:33.906-0500","WIN-11","HKLM\SOFTWARE\Microsoft\Windows Defender\Diagnostics\InitializingComponentProgress = InitDlpEngineConfigStorageProvider","HKLM\SOFTWARE\Microsoft\Windows Defender\Diagnostics\InitializingComponentProgress = InitSpyNetManagerPostRpc"
"2026-08-04T16:51:33.330-0500","WIN-11","HKLM\SOFTWARE\Microsoft\Windows Defender\Diagnostics\InitializingComponentProgress = LoadingEngine","HKLM\SOFTWARE\Microsoft\Windows Defender\Diagnostics\InitializingComponentProgress = InitDlpEngineConfigStorageProvider"
"2026-08-04T16:51:33.329-0500","WIN-11","HKLM\SOFTWARE\Microsoft\Windows Defender\CoreService\WdConfigHash = 0xF9EF483C","HKLM\SOFTWARE\Microsoft\Windows Defender\CoreService\WdConfigHash = 0xE2A14017"
"2026-08-04T16:48:49.919-0500","WIN-11","HKLM\SOFTWARE\Microsoft\Windows Defender\Diagnostics\InitializingComponentProgress = RegistringUxToastLibrary","HKLM\SOFTWARE\Microsoft\Windows Defender\Diagnostics\InitializingComponentProgress = LoadingEngine"
"2026-08-04T16:48:49.293-0500","WIN-11","HKLM\SOFTWARE\Microsoft\Windows Defender\Diagnostics\InitializingComponentProgress = InitNiRtpPlugin","HKLM\SOFTWARE\Microsoft\Windows Defender\Diagnostics\InitializingComponentProgress = RegistringUxToastLibrary"
"2026-08-04T16:48:41.279-0500","WIN-11","HKLM\SOFTWARE\Microsoft\Windows Defender\Diagnostics\InitializingComponentProgress = InitRtpPlugin","HKLM\SOFTWARE\Microsoft\Windows Defender\Diagnostics\InitializingComponentProgress = InitNiRtpPlugin"
"2026-08-04T16:48:26.973-0500","WIN-11","HKLM\SOFTWARE\Microsoft\Windows Defender\Diagnostics\InitializingComponentProgress = InitServiceCleanupManager","HKLM\SOFTWARE\Microsoft\Windows Defender\Diagnostics\InitializingComponentProgress = InitRtpPlugin"
"2026-08-04T16:48:26.441-0500","WIN-11","HKLM\SOFTWARE\Microsoft\Windows Defender\Diagnostics\InitializingComponentProgress = InitEventConfig","HKLM\SOFTWARE\Microsoft\Windows Defender\Diagnostics\InitializingComponentProgress = InitServiceCleanupManager"
"2026-08-04T16:48:24.425-0500","WIN-11","HKLM\SOFTWARE\Microsoft\Windows Defender\Diagnostics\InitializingComponentProgress = InitSpynetManager","HKLM\SOFTWARE\Microsoft\Windows Defender\Diagnostics\InitializingComponentProgress = InitEventConfig"
"2026-08-04T16:48:23.497-0500","WIN-11","HKLM\SOFTWARE\Microsoft\Windows Defender\Diagnostics\InitializingComponentProgress = InitTPState","HKLM\SOFTWARE\Microsoft\Windows Defender\Diagnostics\InitializingComponentProgress = InitSpynetManager"
"2026-08-04T16:48:22.942-0500","WIN-11","HKLM\SOFTWARE\Microsoft\Windows Defender\Diagnostics\InitializingComponentProgress = PostPlatformUpdate","HKLM\SOFTWARE\Microsoft\Windows Defender\Diagnostics\InitializingComponentProgress = InitTPState"
"2026-08-04T16:48:04.803-0500","WIN-11","HKLM\SOFTWARE\Microsoft\Windows Defender\Diagnostics\InitializingComponentProgress = InitWppTracing","HKLM\SOFTWARE\Microsoft\Windows Defender\Diagnostics\InitializingComponentProgress = PostPlatformUpdate"
"2026-08-04T16:48:04.134-0500","WIN-11","HKLM\SOFTWARE\Microsoft\Windows Defender\Diagnostics\InitializingComponentProgress = AdjustPrivileges","HKLM\SOFTWARE\Microsoft\Windows Defender\Diagnostics\InitializingComponentProgress = InitWppTracing"
"2026-08-04T16:48:03.592-0500","WIN-11","HKLM\SOFTWARE\Microsoft\Windows Defender\Diagnostics\InitializingComponentProgress = InitializeMapsLatency","HKLM\SOFTWARE\Microsoft\Windows Defender\Diagnostics\InitializingComponentProgress = AdjustPrivileges"
"2026-08-04T16:48:03.586-0500","WIN-11","Default\IsServiceRunning = 0x0","HKLM\SOFTWARE\Microsoft\Windows Defender\IsServiceRunning = 0x1"
"2026-08-04T16:48:03.026-0500","WIN-11","HKLM\SOFTWARE\Microsoft\Windows Defender\Diagnostics\InitializingComponentProgress = InitializeLogging","HKLM\SOFTWARE\Microsoft\Windows Defender\Diagnostics\InitializingComponentProgress = InitializeMapsLatency"
"2026-08-04T16:48:01.530-0500","WIN-11","HKLM\SOFTWARE\Microsoft\Windows Defender\Diagnostics\InitializingComponentProgress = InitializeMiscConfigLibrary","HKLM\SOFTWARE\Microsoft\Windows Defender\Diagnostics\InitializingComponentProgress = InitializeLogging"
"2026-08-02T15:46:36.109-0500","WIN-11","HKLM\SOFTWARE\Microsoft\Windows Defender\Diagnostics\InitializingComponentProgress = InitializeSignatureStatus","HKLM\SOFTWARE\Microsoft\Windows Defender\Diagnostics\InitializingComponentProgress = PostPlatformUpdate"
"2026-08-02T15:46:36.108-0500","WIN-11","HKLM\SOFTWARE\Microsoft\Windows Defender\CoreService\WdConfigHash = 0xE2A14017","HKLM\SOFTWARE\Microsoft\Windows Defender\CoreService\WdConfigHash = 0xF9EF483C"
"2026-08-02T15:46:35.577-0500","WIN-11","HKLM\SOFTWARE\Microsoft\Windows Defender\Diagnostics\InitializingComponentProgress = InitializeMiscConfigLibrary","HKLM\SOFTWARE\Microsoft\Windows Defender\Diagnostics\InitializingComponentProgress = InitializeSignatureStatus"
"2026-08-02T15:45:48.685-0500","WIN-11","HKLM\SOFTWARE\Microsoft\Windows Defender\Diagnostics\CleanupComponentProgress = RtpPluginStop","HKLM\SOFTWARE\Microsoft\Windows Defender\Diagnostics\CleanupComponentProgress = CleanupNiRtpPlugin"
"2026-08-02T15:45:42.698-0500","WIN-11","HKLM\SOFTWARE\Microsoft\Windows Defender\Diagnostics\CleanupComponentProgress = ShutdownRollbackManager","HKLM\SOFTWARE\Microsoft\Windows Defender\Diagnostics\CleanupComponentProgress = RtpPluginStop"
"2026-08-02T15:45:42.094-0500","WIN-11","HKLM\SOFTWARE\Microsoft\Windows Defender\Diagnostics\CleanupComponentProgress = UninitializeServiceWppTracing","HKLM\SOFTWARE\Microsoft\Windows Defender\Diagnostics\CleanupComponentProgress = ShutdownRollbackManager"
"2026-08-02T15:45:41.278-0500","WIN-11","HKLM\SOFTWARE\Microsoft\Windows Defender\Diagnostics\CleanupComponentProgress = CleanupCompleted","HKLM\SOFTWARE\Microsoft\Windows Defender\Diagnostics\CleanupComponentProgress = UninitializeServiceWppTracing"
"2026-08-02T15:19:05.412-0500","WIN-11","Default\UX Configuration\ToastOrSsoTrigger = 0x0","HKLM\SOFTWARE\Microsoft\Windows Defender\UX Configuration\ToastOrSsoTrigger = 0x1"
"2026-08-02T15:05:57.937-0500","WIN-11","HKLM\SOFTWARE\Microsoft\Windows Defender\CoreService\WdConfigHash = 0xF446A602","HKLM\SOFTWARE\Microsoft\Windows Defender\CoreService\WdConfigHash = 0xE2A14017"
"2026-08-02T14:39:47.321-0500","WIN-11","Default\ProductAppDataPath = C:\ProgramData\Microsoft\Windows Defender","HKLM\SOFTWARE\Microsoft\Windows Defender\ProductAppDataPath = C:\ProgramData\Microsoft\Windows Defender"
"2026-08-02T14:39:47.321-0500","WIN-11","HKLM\SOFTWARE\Microsoft\Windows Defender\ServiceStartStates = 0x1","Default\ServiceStartStates = 0x0"
"2026-08-02T14:39:29.967-0500","WIN-11","HKLM\SOFTWARE\Microsoft\Windows Defender\Diagnostics\InitializingComponentProgress = RefreshFeatureStatus","HKLM\SOFTWARE\Microsoft\Windows Defender\Diagnostics\InitializingComponentProgress = ServiceStartedSuccessfully"
"2026-08-02T14:39:22.934-0500","WIN-11","HKLM\SOFTWARE\Microsoft\Windows Defender\Diagnostics\InitializingComponentProgress = DeviceControlServiceStartup","HKLM\SOFTWARE\Microsoft\Windows Defender\Diagnostics\InitializingComponentProgress = RefreshFeatureStatus"
"2026-08-02T14:39:22.136-0500","WIN-11","HKLM\SOFTWARE\Microsoft\Windows Defender\Diagnostics\InitializingComponentProgress = LoadingEngine","HKLM\SOFTWARE\Microsoft\Windows Defender\Diagnostics\InitializingComponentProgress = DeviceControlServiceStartup"
"2026-08-02T14:39:22.134-0500","WIN-11","HKLM\SOFTWARE\Microsoft\Windows Defender\CoreService\WdConfigHash = 0xEF08AE29","HKLM\SOFTWARE\Microsoft\Windows Defender\CoreService\WdConfigHash = 0xF446A602"
"2026-08-02T14:38:49.657-0500","WIN-11","HKLM\SOFTWARE\Microsoft\Windows Defender\Diagnostics\InitializingComponentProgress = InitNiRtpPlugin","HKLM\SOFTWARE\Microsoft\Windows Defender\Diagnostics\InitializingComponentProgress = LoadingEngine"
"2026-08-02T14:38:48.680-0500","WIN-11","HKLM\SOFTWARE\Microsoft\Windows Defender\Diagnostics\InitializingComponentProgress = InitRtpPlugin","HKLM\SOFTWARE\Microsoft\Windows Defender\Diagnostics\InitializingComponentProgress = InitNiRtpPlugin"
"2026-08-02T14:38:47.797-0500","WIN-11","HKLM\SOFTWARE\Microsoft\Windows Defender\Diagnostics\InitializingComponentProgress = InitEventConfig","HKLM\SOFTWARE\Microsoft\Windows Defender\Diagnostics\InitializingComponentProgress = InitRtpPlugin"
"2026-08-02T14:38:47.089-0500","WIN-11","HKLM\SOFTWARE\Microsoft\Windows Defender\Diagnostics\InitializingComponentProgress = InitTPState","HKLM\SOFTWARE\Microsoft\Windows Defender\Diagnostics\InitializingComponentProgress = InitEventConfig"
"2026-08-02T14:38:46.495-0500","WIN-11","HKLM\SOFTWARE\Microsoft\Windows Defender\Diagnostics\InitializingComponentProgress = PostPlatformUpdate","HKLM\SOFTWARE\Microsoft\Windows Defender\Diagnostics\InitializingComponentProgress = InitTPState"
"2026-08-02T14:38:46.494-0500","WIN-11","Default\ServiceStartStates = 0x0","HKLM\SOFTWARE\Microsoft\Windows Defender\ServiceStartStates = 0x1"
"2026-08-02T14:38:26.405-0500","WIN-11","HKLM\SOFTWARE\Microsoft\Windows Defender\Diagnostics\InitializingComponentProgress = InitializeETWEventProviders","HKLM\SOFTWARE\Microsoft\Windows Defender\Diagnostics\InitializingComponentProgress = PostPlatformUpdate"
"2026-08-02T14:38:26.402-0500","WIN-11","HKLM\SOFTWARE\Microsoft\Windows Defender\CoreService\WdConfigHash = 0xF446A602","HKLM\SOFTWARE\Microsoft\Windows Defender\CoreService\WdConfigHash = 0xEF08AE29"
"2026-08-02T14:38:25.830-0500","WIN-11","HKLM\SOFTWARE\Microsoft\Windows Defender\Diagnostics\InitializingComponentProgress = InitializeMiscConfigLibrary","HKLM\SOFTWARE\Microsoft\Windows Defender\Diagnostics\InitializingComponentProgress = InitializeETWEventProviders"
"2026-08-01T19:49:10.286-0500","WIN-11","Default\ProductAppDataPath = C:\ProgramData\Microsoft\Windows Defender","HKLM\SOFTWARE\Microsoft\Windows Defender\ProductAppDataPath = C:\ProgramData\Microsoft\Windows Defender"
"2026-08-01T19:49:10.286-0500","WIN-11","HKLM\SOFTWARE\Microsoft\Windows Defender\ServiceStartStates = 0x1","Default\ServiceStartStates = 0x0"
"2026-08-01T19:48:57.350-0500","WIN-11","HKLM\SOFTWARE\Microsoft\Windows Defender\Features\Controls\104 = 0x1",""
"2026-08-01T19:48:57.345-0500","WIN-11","HKLM\SOFTWARE\Microsoft\Windows Defender\Diagnostics\InitializingComponentProgress = LoadingEngine","HKLM\SOFTWARE\Microsoft\Windows Defender\Diagnostics\InitializingComponentProgress = ServiceStartedSuccessfully"
"2026-08-01T19:48:57.344-0500","WIN-11","HKLM\SOFTWARE\Microsoft\Windows Defender\CoreService\WdConfigHash = 0xEF08AE29","HKLM\SOFTWARE\Microsoft\Windows Defender\CoreService\WdConfigHash = 0xF446A602"
"2026-08-01T19:48:47.571-0500","WIN-11","HKLM\SOFTWARE\Microsoft\Windows Defender\Diagnostics\InitializingComponentProgress = InitNiRtpPlugin","HKLM\SOFTWARE\Microsoft\Windows Defender\Diagnostics\InitializingComponentProgress = LoadingEngine"
"2026-08-01T19:48:46.802-0500","WIN-11","HKLM\SOFTWARE\Microsoft\Windows Defender\Diagnostics\InitializingComponentProgress = InitEventConfig","HKLM\SOFTWARE\Microsoft\Windows Defender\Diagnostics\InitializingComponentProgress = InitNiRtpPlugin"
"2026-08-01T19:48:46.239-0500","WIN-11","HKLM\SOFTWARE\Microsoft\Windows Defender\Diagnostics\InitializingComponentProgress = PostPlatformUpdate","HKLM\SOFTWARE\Microsoft\Windows Defender\Diagnostics\InitializingComponentProgress = InitEventConfig"
"2026-08-01T19:48:46.237-0500","WIN-11","Default\ServiceStartStates = 0x0","HKLM\SOFTWARE\Microsoft\Windows Defender\ServiceStartStates = 0x1"
"2026-08-01T19:48:39.406-0500","WIN-11","HKLM\SOFTWARE\Microsoft\Windows Defender\Diagnostics\InitializingComponentProgress = StartServiceStartupMonitorTimer","HKLM\SOFTWARE\Microsoft\Windows Defender\Diagnostics\InitializingComponentProgress = PostPlatformUpdate"
"2026-08-01T19:48:39.399-0500","WIN-11","HKLM\SOFTWARE\Microsoft\Windows Defender\CoreService\WdConfigHash = 0xF446A602","HKLM\SOFTWARE\Microsoft\Windows Defender\CoreService\WdConfigHash = 0xEF08AE29"
"2026-08-01T19:48:38.879-0500","WIN-11","HKLM\SOFTWARE\Microsoft\Windows Defender\Diagnostics\InitializingComponentProgress = InitializeMiscConfigLibrary","HKLM\SOFTWARE\Microsoft\Windows Defender\Diagnostics\InitializingComponentProgress = StartServiceStartupMonitorTimer"
"2026-08-01T18:24:02.815-0500","WIN-11","HKLM\SOFTWARE\Microsoft\Windows Defender\Features\EcsConfigs\ETag\Tag = ""bLO9QetQAKFE0zIw/3UQTsftcvrq0okY08QzWX7DXzg=""","HKLM\SOFTWARE\Microsoft\Windows Defender\Features\EcsConfigs\ETag\Tag = ""4EF3K3Z7s27aigk2sGlJq6GNZUH16g+1Bs066t+ksj0="""
"2026-08-01T18:24:02.815-0500","WIN-11","HKLM\SOFTWARE\Microsoft\Windows Defender\Features\EcsConfigs\MpFC_EnableCommonMetricsEvents = 0x1",""
"2026-08-01T18:23:33.296-0500","WIN-11","Default\ProductAppDataPath = C:\ProgramData\Microsoft\Windows Defender","HKLM\SOFTWARE\Microsoft\Windows Defender\ProductAppDataPath = C:\ProgramData\Microsoft\Windows Defender"
"2026-08-01T18:23:33.296-0500","WIN-11","HKLM\SOFTWARE\Microsoft\Windows Defender\ServiceStartStates = 0x1","Default\ServiceStartStates = 0x0"
"2026-08-01T18:23:11.995-0500","WIN-11","HKLM\SOFTWARE\Microsoft\Windows Defender\Diagnostics\InitializingComponentProgress = RefreshFeatureStatus","HKLM\SOFTWARE\Microsoft\Windows Defender\Diagnostics\InitializingComponentProgress = ServiceStartedSuccessfully"
"2026-08-01T18:23:11.426-0500","WIN-11","HKLM\SOFTWARE\Microsoft\Windows Defender\Diagnostics\InitializingComponentProgress = LoadingEngine","HKLM\SOFTWARE\Microsoft\Windows Defender\Diagnostics\InitializingComponentProgress = RefreshFeatureStatus"
"2026-08-01T18:23:11.422-0500","WIN-11","HKLM\SOFTWARE\Microsoft\Windows Defender\CoreService\WdConfigHash = 0xEF08AE29","HKLM\SOFTWARE\Microsoft\Windows Defender\CoreService\WdConfigHash = 0xF446A602"
"2026-08-01T18:22:36.040-0500","WIN-11","HKLM\SOFTWARE\Microsoft\Windows Defender\Diagnostics\InitializingComponentProgress = InitNiRtpPlugin","HKLM\SOFTWARE\Microsoft\Windows Defender\Diagnostics\InitializingComponentProgress = LoadingEngine"
"2026-08-01T18:22:35.359-0500","WIN-11","HKLM\SOFTWARE\Microsoft\Windows Defender\Diagnostics\InitializingComponentProgress = InitRtpPlugin","HKLM\SOFTWARE\Microsoft\Windows Defender\Diagnostics\InitializingComponentProgress = InitNiRtpPlugin"
"2026-08-01T18:22:34.332-0500","WIN-11","HKLM\SOFTWARE\Microsoft\Windows Defender\Diagnostics\InitializingComponentProgress = InitEventConfig","HKLM\SOFTWARE\Microsoft\Windows Defender\Diagnostics\InitializingComponentProgress = InitRtpPlugin"
"2026-08-01T18:22:33.061-0500","WIN-11","HKLM\SOFTWARE\Microsoft\Windows Defender\Diagnostics\InitializingComponentProgress = InitPersistedCache","HKLM\SOFTWARE\Microsoft\Windows Defender\Diagnostics\InitializingComponentProgress = InitEventConfig"
"2026-08-01T18:22:32.559-0500","WIN-11","HKLM\SOFTWARE\Microsoft\Windows Defender\Diagnostics\InitializingComponentProgress = PostPlatformUpdate","HKLM\SOFTWARE\Microsoft\Windows Defender\Diagnostics\InitializingComponentProgress = InitPersistedCache"
"2026-08-01T18:22:32.557-0500","WIN-11","Default\ServiceStartStates = 0x0","HKLM\SOFTWARE\Microsoft\Windows Defender\ServiceStartStates = 0x1"
"2026-08-01T18:22:11.102-0500","WIN-11","HKLM\SOFTWARE\Microsoft\Windows Defender\Diagnostics\InitializingComponentProgress = InitializeMiscConfigLibrary","HKLM\SOFTWARE\Microsoft\Windows Defender\Diagnostics\InitializingComponentProgress = PostPlatformUpdate"
"2026-08-01T18:22:11.093-0500","WIN-11","HKLM\SOFTWARE\Microsoft\Windows Defender\CoreService\WdConfigHash = 0xF446A602","HKLM\SOFTWARE\Microsoft\Windows Defender\CoreService\WdConfigHash = 0xEF08AE29"
"2026-08-01T18:22:11.092-0500","WIN-11","Default\IsServiceRunning = 0x0","HKLM\SOFTWARE\Microsoft\Windows Defender\IsServiceRunning = 0x1"
"2026-08-01T15:18:58.116-0500","WIN-11","HKLM\SOFTWARE\Microsoft\Windows Defender\Diagnostics\CleanupComponentProgress = CleanupCompleted","HKLM\SOFTWARE\Microsoft\Windows Defender\Diagnostics\CleanupComponentProgress = RtpPluginStop"
"2026-08-01T15:18:52.853-0500","WIN-11","HKLM\SOFTWARE\Microsoft\Windows Defender\OldMachineGUID = {66991FC3-06FA-46A8-9B93-AE69EB09DF52}","N/A\OldMachineGUID = "
"2026-08-01T15:18:41.850-0500","WIN-11","HKLM\SOFTWARE\Microsoft\Windows Defender\Diagnostics\LastSignatureUpdateResult = 0x8024402C","HKLM\SOFTWARE\Microsoft\Windows Defender\Diagnostics\LastSignatureUpdateResult = 0x0"
"2026-08-01T15:18:41.849-0500","WIN-11","HKLM\SOFTWARE\Microsoft\Windows Defender\CoreService\WdConfigHash = 0xC0845162","HKLM\SOFTWARE\Microsoft\Windows Defender\CoreService\WdConfigHash = 0xF446A602"
"2026-08-01T15:13:29.193-0500","WIN-11","N/A\OldMachineGUID = ","HKLM\SOFTWARE\Microsoft\Windows Defender\OldMachineGUID = {66991FC3-06FA-46A8-9B93-AE69EB09DF52}"
"2026-08-01T15:13:05.960-0500","WIN-11","Default\ReportingGUID = 66991FC3-06FA-46A8-9B93-AE69EB09DF52","HKLM\SOFTWARE\Microsoft\Windows Defender\ReportingGUID = B6E01F23-EC7F-6F37-DF04-543571C7D388"
"2026-08-01T15:08:53.237-0500","WIN-11","Default\ProductAppDataPath = C:\ProgramData\Microsoft\Windows Defender","HKLM\SOFTWARE\Microsoft\Windows Defender\ProductAppDataPath = C:\ProgramData\Microsoft\Windows Defender"
"2026-08-01T15:08:53.237-0500","WIN-11","HKLM\SOFTWARE\Microsoft\Windows Defender\ServiceStartStates = 0x1","Default\ServiceStartStates = 0x0"
"2026-08-01T15:08:15.010-0500","WIN-11","HKLM\SOFTWARE\Microsoft\Windows Defender\Diagnostics\InitializingComponentProgress = RefreshFeatureStatus","HKLM\SOFTWARE\Microsoft\Windows Defender\Diagnostics\InitializingComponentProgress = ServiceStartedSuccessfully"
"2026-08-01T15:08:13.731-0500","WIN-11","HKLM\SOFTWARE\Microsoft\Windows Defender\Diagnostics\InitializingComponentProgress = LoadingEngine","HKLM\SOFTWARE\Microsoft\Windows Defender\Diagnostics\InitializingComponentProgress = RefreshFeatureStatus"
"2026-08-01T15:08:13.728-0500","WIN-11","HKLM\SOFTWARE\Microsoft\Windows Defender\CoreService\WdConfigHash = 0xDBCA5949","HKLM\SOFTWARE\Microsoft\Windows Defender\CoreService\WdConfigHash = 0xC0845162"
"2026-08-01T15:07:53.209-0500","WIN-11","HKLM\SOFTWARE\Microsoft\Windows Defender\Diagnostics\InitializingComponentProgress = InitServiceShutdownEvent","HKLM\SOFTWARE\Microsoft\Windows Defender\Diagnostics\InitializingComponentProgress = LoadingEngine"
"2026-08-01T15:07:52.683-0500","WIN-11","HKLM\SOFTWARE\Microsoft\Windows Defender\Diagnostics\InitializingComponentProgress = InitTPState","HKLM\SOFTWARE\Microsoft\Windows Defender\Diagnostics\InitializingComponentProgress = InitServiceShutdownEvent"
"2026-08-01T15:07:52.108-0500","WIN-11","HKLM\SOFTWARE\Microsoft\Windows Defender\Diagnostics\InitializingComponentProgress = PostPlatformUpdate","HKLM\SOFTWARE\Microsoft\Windows Defender\Diagnostics\InitializingComponentProgress = InitTPState"
"2026-08-01T15:07:52.107-0500","WIN-11","Default\ServiceStartStates = 0x0","HKLM\SOFTWARE\Microsoft\Windows Defender\ServiceStartStates = 0x1"
"2026-08-01T15:07:43.797-0500","WIN-11","HKLM\SOFTWARE\Microsoft\Windows Defender\Diagnostics\InitializingComponentProgress = AdjustPrivileges","HKLM\SOFTWARE\Microsoft\Windows Defender\Diagnostics\InitializingComponentProgress = PostPlatformUpdate"
"2026-08-01T15:07:43.794-0500","WIN-11","HKLM\SOFTWARE\Microsoft\Windows Defender\CoreService\WdConfigHash = 0xC0845162","HKLM\SOFTWARE\Microsoft\Windows Defender\CoreService\WdConfigHash = 0xDBCA5949"
"2026-08-01T15:07:43.242-0500","WIN-11","HKLM\SOFTWARE\Microsoft\Windows Defender\Diagnostics\InitializingComponentProgress = InitializeMiscConfigLibrary","HKLM\SOFTWARE\Microsoft\Windows Defender\Diagnostics\InitializingComponentProgress = AdjustPrivileges"
"2026-08-01T12:36:41.663-0500","WIN-11","Default\ProductAppDataPath = C:\ProgramData\Microsoft\Windows Defender","HKLM\SOFTWARE\Microsoft\Windows Defender\ProductAppDataPath = C:\ProgramData\Microsoft\Windows Defender"
"2026-08-01T12:36:41.662-0500","WIN-11","HKLM\SOFTWARE\Microsoft\Windows Defender\ServiceStartStates = 0x1","Default\ServiceStartStates = 0x0"
"2026-08-01T12:35:54.914-0500","WIN-11","HKLM\SOFTWARE\Microsoft\Windows Defender\Diagnostics\InitializingComponentProgress = LoadingEngine","HKLM\SOFTWARE\Microsoft\Windows Defender\Diagnostics\InitializingComponentProgress = ServiceStartedSuccessfully"
"2026-08-01T12:35:54.912-0500","WIN-11","HKLM\SOFTWARE\Microsoft\Windows Defender\CoreService\WdConfigHash = 0xDBCA5949","HKLM\SOFTWARE\Microsoft\Windows Defender\CoreService\WdConfigHash = 0xC0845162"
"2026-08-01T12:35:41.582-0500","WIN-11","HKLM\SOFTWARE\Microsoft\Windows Defender\Diagnostics\InitializingComponentProgress = ClientInitAsimov","HKLM\SOFTWARE\Microsoft\Windows Defender\Diagnostics\InitializingComponentProgress = LoadingEngine"
"2026-08-01T12:35:41.579-0500","WIN-11","Default\ServiceStartStates = 0x0","HKLM\SOFTWARE\Microsoft\Windows Defender\ServiceStartStates = 0x1"
"2026-08-01T12:35:41.066-0500","WIN-11","HKLM\SOFTWARE\Microsoft\Windows Defender\Diagnostics\InitializingComponentProgress = PostPlatformUpdate","HKLM\SOFTWARE\Microsoft\Windows Defender\Diagnostics\InitializingComponentProgress = ClientInitAsimov"
"2026-08-01T12:35:35.362-0500","WIN-11","HKLM\SOFTWARE\Microsoft\Windows Defender\Diagnostics\InitializingComponentProgress = InitializeMiscConfigLibrary","HKLM\SOFTWARE\Microsoft\Windows Defender\Diagnostics\InitializingComponentProgress = PostPlatformUpdate"
"2026-08-01T12:35:35.358-0500","WIN-11","HKLM\SOFTWARE\Microsoft\Windows Defender\CoreService\WdConfigHash = 0xC0845162","HKLM\SOFTWARE\Microsoft\Windows Defender\CoreService\WdConfigHash = 0xDBCA5949"
"2026-08-01T12:35:35.356-0500","WIN-11","Default\IsServiceRunning = 0x0","HKLM\SOFTWARE\Microsoft\Windows Defender\IsServiceRunning = 0x1"
"2026-08-01T12:35:05.319-0500","WIN-11","HKLM\SOFTWARE\Microsoft\Windows Defender\Diagnostics\CleanupComponentProgress = CleanupCompleted","HKLM\SOFTWARE\Microsoft\Windows Defender\Diagnostics\CleanupComponentProgress = CleanupEngine"
"2026-08-01T12:30:06.161-0500","WIN-11","Default\ProductAppDataPath = C:\ProgramData\Microsoft\Windows Defender","HKLM\SOFTWARE\Microsoft\Windows Defender\ProductAppDataPath = C:\ProgramData\Microsoft\Windows Defender"
"2026-08-01T12:30:06.161-0500","WIN-11","HKLM\SOFTWARE\Microsoft\Windows Defender\ServiceStartStates = 0x1","Default\ServiceStartStates = 0x0"
"2026-08-01T12:29:21.467-0500","WIN-11","HKLM\SOFTWARE\Microsoft\Windows Defender\Diagnostics\InitializingComponentProgress = LoadingEngine","HKLM\SOFTWARE\Microsoft\Windows Defender\Diagnostics\InitializingComponentProgress = ServiceStartedSuccessfully"
"2026-08-01T12:29:21.466-0500","WIN-11","HKLM\SOFTWARE\Microsoft\Windows Defender\CoreService\WdConfigHash = 0xDBCA5949","HKLM\SOFTWARE\Microsoft\Windows Defender\CoreService\WdConfigHash = 0xC0845162"
"2026-08-01T12:29:05.968-0500","WIN-11","HKLM\SOFTWARE\Microsoft\Windows Defender\Diagnostics\InitializingComponentProgress = PostPlatformUpdate","HKLM\SOFTWARE\Microsoft\Windows Defender\Diagnostics\InitializingComponentProgress = LoadingEngine"
"2026-08-01T12:29:05.967-0500","WIN-11","Default\ServiceStartStates = 0x0","HKLM\SOFTWARE\Microsoft\Windows Defender\ServiceStartStates = 0x1"
"2026-08-01T12:28:58.342-0500","WIN-11","HKLM\SOFTWARE\Microsoft\Windows Defender\Diagnostics\InitializingComponentProgress = LoadingCapabilities","HKLM\SOFTWARE\Microsoft\Windows Defender\Diagnostics\InitializingComponentProgress = PostPlatformUpdate"
"2026-08-01T12:28:58.341-0500","WIN-11","HKLM\SOFTWARE\Microsoft\Windows Defender\CoreService\WdConfigHash = 0xC0845162","HKLM\SOFTWARE\Microsoft\Windows Defender\CoreService\WdConfigHash = 0xDBCA5949"
"2026-08-01T12:28:57.800-0500","WIN-11","HKLM\SOFTWARE\Microsoft\Windows Defender\Diagnostics\InitializingComponentProgress = InitializeMiscConfigLibrary","HKLM\SOFTWARE\Microsoft\Windows Defender\Diagnostics\InitializingComponentProgress = LoadingCapabilities"
"2026-08-01T12:19:40.956-0500","WIN-11","Default\ProductAppDataPath = C:\ProgramData\Microsoft\Windows Defender","HKLM\SOFTWARE\Microsoft\Windows Defender\ProductAppDataPath = C:\ProgramData\Microsoft\Windows Defender"
"2026-08-01T12:19:40.956-0500","WIN-11","HKLM\SOFTWARE\Microsoft\Windows Defender\ServiceStartStates = 0x1","Default\ServiceStartStates = 0x0"
"2026-08-01T12:18:54.711-0500","WIN-11","HKLM\SOFTWARE\Microsoft\Windows Defender\Diagnostics\InitializingComponentProgress = LoadingEngine","HKLM\SOFTWARE\Microsoft\Windows Defender\Diagnostics\InitializingComponentProgress = ServiceStartedSuccessfully"
"2026-08-01T12:18:54.709-0500","WIN-11","HKLM\SOFTWARE\Microsoft\Windows Defender\CoreService\WdConfigHash = 0xDBCA5949","HKLM\SOFTWARE\Microsoft\Windows Defender\CoreService\WdConfigHash = 0xC0845162"
"2026-08-01T12:18:43.063-0500","WIN-11","HKLM\SOFTWARE\Microsoft\Windows Defender\Diagnostics\InitializingComponentProgress = RegistringUxToastLibrary","HKLM\SOFTWARE\Microsoft\Windows Defender\Diagnostics\InitializingComponentProgress = LoadingEngine"
"2026-08-01T12:18:41.627-0500","WIN-11","HKLM\SOFTWARE\Microsoft\Windows Defender\Diagnostics\InitializingComponentProgress = InitNiRtpPlugin","HKLM\SOFTWARE\Microsoft\Windows Defender\Diagnostics\InitializingComponentProgress = RegistringUxToastLibrary"
"2026-08-01T12:18:40.725-0500","WIN-11","HKLM\SOFTWARE\Microsoft\Windows Defender\Diagnostics\InitializingComponentProgress = PostPlatformUpdate","HKLM\SOFTWARE\Microsoft\Windows Defender\Diagnostics\InitializingComponentProgress = InitNiRtpPlugin"
"2026-08-01T12:18:40.721-0500","WIN-11","Default\ServiceStartStates = 0x0","HKLM\SOFTWARE\Microsoft\Windows Defender\ServiceStartStates = 0x1"
"2026-08-01T12:18:33.168-0500","WIN-11","HKLM\SOFTWARE\Microsoft\Windows Defender\Diagnostics\InitializingComponentProgress = InitializeMiscConfigLibrary","HKLM\SOFTWARE\Microsoft\Windows Defender\Diagnostics\InitializingComponentProgress = PostPlatformUpdate"
"2026-08-01T12:18:33.166-0500","WIN-11","HKLM\SOFTWARE\Microsoft\Windows Defender\CoreService\WdConfigHash = 0xC0845162","HKLM\SOFTWARE\Microsoft\Windows Defender\CoreService\WdConfigHash = 0xDBCA5949"
"2026-08-01T12:00:05.236-0500","WIN-11","HKLM\SOFTWARE\Microsoft\Windows Defender\Diagnostics\LastSignatureUpdateResult = 0x0","HKLM\SOFTWARE\Microsoft\Windows Defender\Diagnostics\LastSignatureUpdateResult = 0x8024402C"
"2026-08-01T11:50:38.313-0500","WIN-11","Default\ProductAppDataPath = C:\ProgramData\Microsoft\Windows Defender","HKLM\SOFTWARE\Microsoft\Windows Defender\ProductAppDataPath = C:\ProgramData\Microsoft\Windows Defender"
"2026-08-01T11:50:38.313-0500","WIN-11","HKLM\SOFTWARE\Microsoft\Windows Defender\ServiceStartStates = 0x1","Default\ServiceStartStates = 0x0"
"2026-08-01T11:49:52.985-0500","WIN-11","HKLM\SOFTWARE\Microsoft\Windows Defender\Diagnostics\InitializingComponentProgress = LoadingEngine","HKLM\SOFTWARE\Microsoft\Windows Defender\Diagnostics\InitializingComponentProgress = ServiceStartedSuccessfully"
"2026-08-01T11:49:52.980-0500","WIN-11","HKLM\SOFTWARE\Microsoft\Windows Defender\CoreService\WdConfigHash = 0xDBCA5949","HKLM\SOFTWARE\Microsoft\Windows Defender\CoreService\WdConfigHash = 0xC0845162"
"2026-08-01T11:49:38.545-0500","WIN-11","HKLM\SOFTWARE\Microsoft\Windows Defender\Diagnostics\InitializingComponentProgress = InitNriAgent","HKLM\SOFTWARE\Microsoft\Windows Defender\Diagnostics\InitializingComponentProgress = LoadingEngine"
"2026-08-01T11:49:38.010-0500","WIN-11","HKLM\SOFTWARE\Microsoft\Windows Defender\Diagnostics\InitializingComponentProgress = PostPlatformUpdate","HKLM\SOFTWARE\Microsoft\Windows Defender\Diagnostics\InitializingComponentProgress = InitNriAgent"
"2026-08-01T11:49:38.008-0500","WIN-11","Default\ServiceStartStates = 0x0","HKLM\SOFTWARE\Microsoft\Windows Defender\ServiceStartStates = 0x1"
"2026-08-01T11:49:29.790-0500","WIN-11","HKLM\SOFTWARE\Microsoft\Windows Defender\Diagnostics\InitializingComponentProgress = InitializeMiscConfigLibrary","HKLM\SOFTWARE\Microsoft\Windows Defender\Diagnostics\InitializingComponentProgress = PostPlatformUpdate"
"2026-08-01T11:49:29.783-0500","WIN-11","HKLM\SOFTWARE\Microsoft\Windows Defender\CoreService\WdConfigHash = 0xC0845162","HKLM\SOFTWARE\Microsoft\Windows Defender\CoreService\WdConfigHash = 0xDBCA5949"
"2026-08-01T11:49:29.782-0500","WIN-11","Default\IsServiceRunning = 0x0","HKLM\SOFTWARE\Microsoft\Windows Defender\IsServiceRunning = 0x1"
"2026-08-01T11:48:49.834-0500","WIN-11","HKLM\SOFTWARE\Microsoft\Windows Defender\Diagnostics\CleanupComponentProgress = RtpPluginStop","HKLM\SOFTWARE\Microsoft\Windows Defender\Diagnostics\CleanupComponentProgress = CleanupEngine"
"2026-08-01T11:48:48.815-0500","WIN-11","HKLM\SOFTWARE\Microsoft\Windows Defender\Diagnostics\CleanupComponentProgress = ShutdownDiagnosticScanContext","HKLM\SOFTWARE\Microsoft\Windows Defender\Diagnostics\CleanupComponentProgress = RtpPluginStop"
"2026-08-01T11:48:48.281-0500","WIN-11","HKLM\SOFTWARE\Microsoft\Windows Defender\Diagnostics\CleanupComponentProgress = CleanupCompleted","HKLM\SOFTWARE\Microsoft\Windows Defender\Diagnostics\CleanupComponentProgress = ShutdownDiagnosticScanContext"
"2026-08-01T11:11:32.779-0500","WIN-11","HKLM\SOFTWARE\Microsoft\Windows Defender\CoreService\WdConfigHash = 0x76CDF63","HKLM\SOFTWARE\Microsoft\Windows Defender\CoreService\WdConfigHash = 0xC0845162"
"2026-08-01T11:01:36.114-0500","WIN-11","Default\ProductAppDataPath = C:\ProgramData\Microsoft\Windows Defender","HKLM\SOFTWARE\Microsoft\Windows Defender\ProductAppDataPath = C:\ProgramData\Microsoft\Windows Defender"
"2026-08-01T11:01:36.114-0500","WIN-11","HKLM\SOFTWARE\Microsoft\Windows Defender\ServiceStartStates = 0x1","Default\ServiceStartStates = 0x0"
"2026-08-01T11:00:51.213-0500","WIN-11","HKLM\SOFTWARE\Microsoft\Windows Defender\Diagnostics\InitializingComponentProgress = LoadingEngine","HKLM\SOFTWARE\Microsoft\Windows Defender\Diagnostics\InitializingComponentProgress = ServiceStartedSuccessfully"
"2026-08-01T11:00:51.212-0500","WIN-11","HKLM\SOFTWARE\Microsoft\Windows Defender\CoreService\WdConfigHash = 0x1C22D748","HKLM\SOFTWARE\Microsoft\Windows Defender\CoreService\WdConfigHash = 0x76CDF63"
"2026-08-01T11:00:36.985-0500","WIN-11","HKLM\SOFTWARE\Microsoft\Windows Defender\Diagnostics\InitializingComponentProgress = InitNiRtpPlugin","HKLM\SOFTWARE\Microsoft\Windows Defender\Diagnostics\InitializingComponentProgress = LoadingEngine"
"2026-08-01T11:00:36.301-0500","WIN-11","HKLM\SOFTWARE\Microsoft\Windows Defender\Diagnostics\InitializingComponentProgress = PostPlatformUpdate","HKLM\SOFTWARE\Microsoft\Windows Defender\Diagnostics\InitializingComponentProgress = InitNiRtpPlugin"
"2026-08-01T11:00:36.299-0500","WIN-11","Default\ServiceStartStates = 0x0","HKLM\SOFTWARE\Microsoft\Windows Defender\ServiceStartStates = 0x1"
"2026-08-01T11:00:29.183-0500","WIN-11","HKLM\SOFTWARE\Microsoft\Windows Defender\Diagnostics\InitializingComponentProgress = InitializeMiscConfigLibrary","HKLM\SOFTWARE\Microsoft\Windows Defender\Diagnostics\InitializingComponentProgress = PostPlatformUpdate"
"2026-08-01T11:00:29.177-0500","WIN-11","HKLM\SOFTWARE\Microsoft\Windows Defender\CoreService\WdConfigHash = 0x76CDF63","HKLM\SOFTWARE\Microsoft\Windows Defender\CoreService\WdConfigHash = 0x1C22D748"
"2026-08-01T11:00:29.175-0500","WIN-11","Default\IsServiceRunning = 0x0","HKLM\SOFTWARE\Microsoft\Windows Defender\IsServiceRunning = 0x1"
"2026-08-01T10:59:24.243-0500","WIN-11","HKLM\SOFTWARE\Microsoft\Windows Defender\Diagnostics\CleanupComponentProgress = RtpPluginStop","HKLM\SOFTWARE\Microsoft\Windows Defender\Diagnostics\CleanupComponentProgress = CleanupEngine"
"2026-08-01T10:59:22.748-0500","WIN-11","HKLM\SOFTWARE\Microsoft\Windows Defender\Diagnostics\CleanupComponentProgress = ShutdownConsolidationProvider","HKLM\SOFTWARE\Microsoft\Windows Defender\Diagnostics\CleanupComponentProgress = RtpPluginStop"
"2026-08-01T10:59:22.117-0500","WIN-11","HKLM\SOFTWARE\Microsoft\Windows Defender\Diagnostics\CleanupComponentProgress = CleanupCompleted","HKLM\SOFTWARE\Microsoft\Windows Defender\Diagnostics\CleanupComponentProgress = ShutdownConsolidationProvider"
"2026-08-01T10:50:14.872-0500","WIN-11","Default\ProductAppDataPath = C:\ProgramData\Microsoft\Windows Defender","HKLM\SOFTWARE\Microsoft\Windows Defender\ProductAppDataPath = C:\ProgramData\Microsoft\Windows Defender"
"2026-08-01T10:50:14.872-0500","WIN-11","HKLM\SOFTWARE\Microsoft\Windows Defender\ServiceStartStates = 0x1","Default\ServiceStartStates = 0x0"
"2026-08-01T10:49:47.859-0500","WIN-11","N/A\Diagnostics\ProtectionManagementMofHash = ","HKLM\SOFTWARE\Microsoft\Windows Defender\Diagnostics\ProtectionManagementMofHash = a4f0455797da589699c88048c9055208884c9ae1a24e5783028173202684753e"
"2026-08-01T10:49:46.245-0500","WIN-11","HKLM\SOFTWARE\Microsoft\Windows Defender\Diagnostics\InitializingComponentProgress = LoadingEngine","HKLM\SOFTWARE\Microsoft\Windows Defender\Diagnostics\InitializingComponentProgress = ServiceStartedSuccessfully"
"2026-08-01T10:49:46.244-0500","WIN-11","HKLM\SOFTWARE\Microsoft\Windows Defender\CoreService\WdConfigHash = 0x1C22D748","HKLM\SOFTWARE\Microsoft\Windows Defender\CoreService\WdConfigHash = 0x76CDF63"
"2026-08-01T10:49:15.111-0500","WIN-11","HKLM\SOFTWARE\Microsoft\Windows Defender\Diagnostics\InitializingComponentProgress = InitRtpPlugin","HKLM\SOFTWARE\Microsoft\Windows Defender\Diagnostics\InitializingComponentProgress = LoadingEngine"
"2026-08-01T10:49:14.542-0500","WIN-11","HKLM\SOFTWARE\Microsoft\Windows Defender\Diagnostics\InitializingComponentProgress = PostPlatformUpdate","HKLM\SOFTWARE\Microsoft\Windows Defender\Diagnostics\InitializingComponentProgress = InitRtpPlugin"
"2026-08-01T10:49:14.540-0500","WIN-11","Default\ServiceStartStates = 0x0","HKLM\SOFTWARE\Microsoft\Windows Defender\ServiceStartStates = 0x1"
"2026-08-01T10:49:01.852-0500","WIN-11","HKLM\SOFTWARE\Microsoft\Windows Defender\Diagnostics\InitializingComponentProgress = InitWppTracing","HKLM\SOFTWARE\Microsoft\Windows Defender\Diagnostics\InitializingComponentProgress = PostPlatformUpdate"
"2026-08-01T10:49:01.851-0500","WIN-11","HKLM\SOFTWARE\Microsoft\Windows Defender\CoreService\WdConfigHash = 0x76CDF63","HKLM\SOFTWARE\Microsoft\Windows Defender\CoreService\WdConfigHash = 0x1C22D748"
"2026-08-01T10:49:01.300-0500","WIN-11","HKLM\SOFTWARE\Microsoft\Windows Defender\Diagnostics\InitializingComponentProgress = InitializeMiscConfigLibrary","HKLM\SOFTWARE\Microsoft\Windows Defender\Diagnostics\InitializingComponentProgress = InitWppTracing"
"2026-08-01T10:49:01.299-0500","WIN-11","Default\IsServiceRunning = 0x0","HKLM\SOFTWARE\Microsoft\Windows Defender\IsServiceRunning = 0x1"
"2026-08-01T10:48:13.852-0500","WIN-11","HKLM\SOFTWARE\Microsoft\Windows Defender\Diagnostics\CleanupComponentProgress = RtpPluginStop","HKLM\SOFTWARE\Microsoft\Windows Defender\Diagnostics\CleanupComponentProgress = CleanupEngine"
"2026-08-01T10:48:12.528-0500","WIN-11","HKLM\SOFTWARE\Microsoft\Windows Defender\Diagnostics\CleanupComponentProgress = UninitializeServiceWppTracing","HKLM\SOFTWARE\Microsoft\Windows Defender\Diagnostics\CleanupComponentProgress = RtpPluginStop"
"2026-08-01T10:48:11.838-0500","WIN-11","HKLM\SOFTWARE\Microsoft\Windows Defender\Diagnostics\CleanupComponentProgress = CleanupCompleted","HKLM\SOFTWARE\Microsoft\Windows Defender\Diagnostics\CleanupComponentProgress = UninitializeServiceWppTracing"
"2026-08-01T10:31:28.188-0500","WIN-11","HKLM\SOFTWARE\Microsoft\Windows Defender\Features\Controls\206 = 0x0",""
"2026-08-01T10:31:28.187-0500","WIN-11","HKLM\SOFTWARE\Microsoft\Windows Defender\Features\Controls\102 = 0x1",""
"2026-08-01T10:31:28.176-0500","WIN-11","HKLM\SOFTWARE\Microsoft\Windows Defender\CoreService\WdConfigHash = 0x758A10D9","HKLM\SOFTWARE\Microsoft\Windows Defender\CoreService\WdConfigHash = 0x76CDF63"
"2026-08-01T10:30:41.341-0500","WIN-11","","HKLM\SOFTWARE\Microsoft\Windows Defender\Features\Controls\203 = 0x1"
"2026-08-01T10:30:41.341-0500","WIN-11","HKLM\SOFTWARE\Microsoft\Windows Defender\Features\Controls\64 = 0x0","HKLM\SOFTWARE\Microsoft\Windows Defender\Features\Controls\64 = 0x1"
"2026-08-01T10:30:41.341-0500","WIN-11","","HKLM\SOFTWARE\Microsoft\Windows Defender\Features\Controls\104 = 0x1"
"2026-08-01T10:30:41.323-0500","WIN-11","HKLM\SOFTWARE\Microsoft\Windows Defender\CoreService\WdConfigHash = 0x10ED2B9F","HKLM\SOFTWARE\Microsoft\Windows Defender\CoreService\WdConfigHash = 0x758A10D9"
"2026-08-01T10:30:40.770-0500","WIN-11","HKLM\SOFTWARE\Microsoft\Windows Defender\Features\EcsConfigs\ETag\Tag = ""kiCSMcjDxPVP/XKF1VP8wkLgR4qUoni57nXYPyfNQfs=""","HKLM\SOFTWARE\Microsoft\Windows Defender\Features\EcsConfigs\ETag\Tag = ""bLO9QetQAKFE0zIw/3UQTsftcvrq0okY08QzWX7DXzg="""
"2026-08-01T10:30:40.770-0500","WIN-11","HKLM\SOFTWARE\Microsoft\Windows Defender\Features\EcsConfigs\MpFC_DC_DisableAadDeviceIdQuery = 0x1",""
"2026-08-01T10:30:40.770-0500","WIN-11","HKLM\SOFTWARE\Microsoft\Windows Defender\Features\EcsConfigs\MpFC_TS_UseStrictOriginQuery = 0x0",""
"2026-08-01T10:30:40.770-0500","WIN-11","","HKLM\SOFTWARE\Microsoft\Windows Defender\Features\EcsConfigs\MpFC_SCC_VerifyPayloadSignature = 0xFFFFFFEF"
"2026-08-01T10:30:40.770-0500","WIN-11","","HKLM\SOFTWARE\Microsoft\Windows Defender\Features\EcsConfigs\MpFC_Dlp_DetourVerifyProtection = 0x1"
"2026-08-01T10:30:40.770-0500","WIN-11","","HKLM\SOFTWARE\Microsoft\Windows Defender\Features\EcsConfigs\MpFC_SCC_AcceptedSources = 0x7"
"2026-08-01T10:30:40.770-0500","WIN-11","","HKLM\SOFTWARE\Microsoft\Windows Defender\Features\EcsConfigs\MpFC_EnablePersistedScanV2 = 0x1"
"2026-08-01T10:30:40.770-0500","WIN-11","","HKLM\SOFTWARE\Microsoft\Windows Defender\Features\EcsConfigs\MpEnableNoMetaStoreProcessInfoContainer = 0x1"
"2026-08-01T10:30:40.770-0500","WIN-11","HKLM\SOFTWARE\Microsoft\Windows Defender\Features\EcsConfigs\MpFC_SCC_FeatureAvailable = 0x0","HKLM\SOFTWARE\Microsoft\Windows Defender\Features\EcsConfigs\MpFC_SCC_FeatureAvailable = 0x1"
"2026-08-01T10:30:40.770-0500","WIN-11","","HKLM\SOFTWARE\Microsoft\Windows Defender\Features\EcsConfigs\MpFC_Dlp_OnDemandUserConfigFetchEnabled = 0x1"
"2026-08-01T10:30:40.770-0500","WIN-11","","HKLM\SOFTWARE\Microsoft\Windows Defender\Features\EcsConfigs\MpFC_CoreSvcEnableUpdateLogging = 0x1"
"2026-08-01T10:30:40.770-0500","WIN-11","","HKLM\SOFTWARE\Microsoft\Windows Defender\Features\EcsConfigs\MpFC_MdDisable1ds = 0x0"
"2026-08-01T10:30:40.770-0500","WIN-11","","HKLM\SOFTWARE\Microsoft\Windows Defender\Features\EcsConfigs\MpFC_EnableUpdateTriggerForSharedSigUpdates = 0x1"
"2026-08-01T10:30:40.770-0500","WIN-11","","HKLM\SOFTWARE\Microsoft\Windows Defender\Features\EcsConfigs\MpFc_Enable_AIRuntimeService_Agent = 0x1"
"2026-08-01T10:30:40.770-0500","WIN-11","","HKLM\SOFTWARE\Microsoft\Windows Defender\Features\EcsConfigs\MpFC_Dlp_OutlookAttachmentSubstitution_Flags = 0x1"
"2026-08-01T10:30:40.770-0500","WIN-11","","HKLM\SOFTWARE\Microsoft\Windows Defender\Features\EcsConfigs\NIS_EnableUsoSupport = 0x1"
"2026-08-01T10:30:40.770-0500","WIN-11","","HKLM\SOFTWARE\Microsoft\Windows Defender\Features\EcsConfigs\MpFC_EnableServiceRestartForSharedSigUpdates = 0x1"
"2026-08-01T10:30:40.770-0500","WIN-11","","HKLM\SOFTWARE\Microsoft\Windows Defender\Features\EcsConfigs\MpFC_MdEnableCoreSvcRemediation = 0x1"
"2026-08-01T10:30:40.770-0500","WIN-11","","HKLM\SOFTWARE\Microsoft\Windows Defender\Features\EcsConfigs\MpFC_MdEnableCoreService = 0x1"
"2026-08-01T10:30:40.770-0500","WIN-11","","HKLM\SOFTWARE\Microsoft\Windows Defender\Features\EcsConfigs\MpFC_Dlp_Reclassify_Enable = 0x3"
"2026-08-01T10:30:40.770-0500","WIN-11","","HKLM\SOFTWARE\Microsoft\Windows Defender\Features\EcsConfigs\MpFC_MemScanPassLocalExceptionsToEngine = 0x0"
"2026-08-01T10:30:40.770-0500","WIN-11","","HKLM\SOFTWARE\Microsoft\Windows Defender\Features\EcsConfigs\MpFC_EnableCommonMetricsEvents = 0x1"
"2026-08-01T10:30:40.770-0500","WIN-11","","HKLM\SOFTWARE\Microsoft\Windows Defender\Features\EcsConfigs\MpDisablePerProcessLoopbackTraffic = 0x0"
"2026-08-01T10:30:40.770-0500","WIN-11","","HKLM\SOFTWARE\Microsoft\Windows Defender\Features\EcsConfigs\MpFC_SCC_SupportedSettings = 0x3"
"2026-08-01T10:30:40.770-0500","WIN-11","","HKLM\SOFTWARE\Microsoft\Windows Defender\Features\EcsConfigs\MpFC_RtpEnableDefenderConfigMonitoring = 0x1"
"2026-08-01T10:30:17.537-0500","WIN-11","HKLM\SOFTWARE\Microsoft\Windows Defender\CoreService\WdConfigHash = 0xF4F57131","HKLM\SOFTWARE\Microsoft\Windows Defender\CoreService\WdConfigHash = 0x10ED2B9F"
"2026-08-01T10:30:16.920-0500","WIN-11","Default\Features\EcsConfigs\ETag\Tag = ","HKLM\SOFTWARE\Microsoft\Windows Defender\Features\EcsConfigs\ETag\Tag = ""kiCSMcjDxPVP/XKF1VP8wkLgR4qUoni57nXYPyfNQfs="""
"2026-08-01T10:30:14.543-0500","WIN-11","HKLM\SOFTWARE\Microsoft\Windows Defender\ServiceStartStates = 0x1","Default\ServiceStartStates = 0x0"
"2026-08-01T10:30:11.890-0500","WIN-11","HKLM\SOFTWARE\Microsoft\Windows Defender\Features\Controls\28 = 0x0",""
"2026-08-01T10:30:11.890-0500","WIN-11","","HKLM\SOFTWARE\Microsoft\Windows Defender\Features\Controls\218 = 0x3"
"2026-08-01T10:30:11.890-0500","WIN-11","","HKLM\SOFTWARE\Microsoft\Windows Defender\Features\Controls\179 = 0x1"
"2026-08-01T10:30:11.890-0500","WIN-11","","HKLM\SOFTWARE\Microsoft\Windows Defender\Features\Controls\116 = 0x3"
"2026-08-01T10:30:11.890-0500","WIN-11","","HKLM\SOFTWARE\Microsoft\Windows Defender\Features\Controls\_23 = 0x1"
"2026-08-01T10:30:11.890-0500","WIN-11","","HKLM\SOFTWARE\Microsoft\Windows Defender\Features\Controls\293 = 0x0"
"2026-08-01T10:30:11.890-0500","WIN-11","","HKLM\SOFTWARE\Microsoft\Windows Defender\Features\Controls\124 = 0xF"
"2026-08-01T10:30:11.890-0500","WIN-11","","HKLM\SOFTWARE\Microsoft\Windows Defender\Features\Controls\314 = 0x1"
"2026-08-01T10:30:11.890-0500","WIN-11","","HKLM\SOFTWARE\Microsoft\Windows Defender\Features\Controls\206 = 0x0"
"2026-08-01T10:30:11.890-0500","WIN-11","","HKLM\SOFTWARE\Microsoft\Windows Defender\Features\Controls\120 = 0x64"
"2026-08-01T10:30:11.890-0500","WIN-11","","HKLM\SOFTWARE\Microsoft\Windows Defender\Features\Controls\119 = 0x64"
"2026-08-01T10:30:11.890-0500","WIN-11","","HKLM\SOFTWARE\Microsoft\Windows Defender\Features\Controls\118 = 0x96B4650"
"2026-08-01T10:30:11.890-0500","WIN-11","","HKLM\SOFTWARE\Microsoft\Windows Defender\Features\Controls\_28 = 0x1"
"2026-08-01T10:30:11.890-0500","WIN-11","","HKLM\SOFTWARE\Microsoft\Windows Defender\Features\Controls\_24 = 0x1"
"2026-08-01T10:30:11.890-0500","WIN-11","","HKLM\SOFTWARE\Microsoft\Windows Defender\Features\Controls\54 = 0x1"
"2026-08-01T10:30:11.890-0500","WIN-11","","HKLM\SOFTWARE\Microsoft\Windows Defender\Features\Controls\221 = 0x3"
"2026-08-01T10:30:11.890-0500","WIN-11","","HKLM\SOFTWARE\Microsoft\Windows Defender\Features\Controls\134 = 0x1"
"2026-08-01T10:30:11.890-0500","WIN-11","","HKLM\SOFTWARE\Microsoft\Windows Defender\Features\Controls\103 = 0x1"
"2026-08-01T10:30:11.890-0500","WIN-11","","HKLM\SOFTWARE\Microsoft\Windows Defender\Features\Controls\74 = 0xFFFFFFEF"
"2026-08-01T10:30:11.890-0500","WIN-11","","HKLM\SOFTWARE\Microsoft\Windows Defender\Features\Controls\279 = 0x0"
"2026-08-01T10:30:11.890-0500","WIN-11","","HKLM\SOFTWARE\Microsoft\Windows Defender\Features\Controls\248 = 0x0"
"2026-08-01T10:30:11.890-0500","WIN-11","","HKLM\SOFTWARE\Microsoft\Windows Defender\Features\Controls\172 = 0x3"
"2026-08-01T10:30:11.890-0500","WIN-11","","HKLM\SOFTWARE\Microsoft\Windows Defender\Features\Controls\148 = 0x1"
"2026-08-01T10:30:11.890-0500","WIN-11","","HKLM\SOFTWARE\Microsoft\Windows Defender\Features\Controls\_20 = 0x400"
"2026-08-01T10:30:11.890-0500","WIN-11","","HKLM\SOFTWARE\Microsoft\Windows Defender\Features\Controls\210 = 0x1"
"2026-08-01T10:30:11.890-0500","WIN-11","","HKLM\SOFTWARE\Microsoft\Windows Defender\Features\Controls\137 = 0x1"
"2026-08-01T10:30:11.890-0500","WIN-11","","HKLM\SOFTWARE\Microsoft\Windows Defender\Features\Controls\100 = 0x1"
"2026-08-01T10:30:11.890-0500","WIN-11","","HKLM\SOFTWARE\Microsoft\Windows Defender\Features\Controls\313 = 0x1"
"2026-08-01T10:30:11.890-0500","WIN-11","","HKLM\SOFTWARE\Microsoft\Windows Defender\Features\Controls\259 = 0x0"
"2026-08-01T10:30:11.890-0500","WIN-11","","HKLM\SOFTWARE\Microsoft\Windows Defender\Features\Controls\226 = 0x3"
"2026-08-01T10:30:11.889-0500","WIN-11","","HKLM\SOFTWARE\Microsoft\Windows Defender\Features\Controls\136 = 0x1"
"2026-08-01T10:30:11.889-0500","WIN-11","","HKLM\SOFTWARE\Microsoft\Windows Defender\Features\Controls\50 = 0x0"
"2026-08-01T10:30:11.889-0500","WIN-11","","HKLM\SOFTWARE\Microsoft\Windows Defender\Features\Controls\217 = 0x1"
"2026-08-01T10:30:11.889-0500","WIN-11","","HKLM\SOFTWARE\Microsoft\Windows Defender\Features\Controls\123 = 0x191"
"2026-08-01T10:30:11.889-0500","WIN-11","","HKLM\SOFTWARE\Microsoft\Windows Defender\Features\Controls\108 = 0x1"
"2026-08-01T10:30:11.889-0500","WIN-11","","HKLM\SOFTWARE\Microsoft\Windows Defender\Features\Controls\312 = 0x1"
"2026-08-01T10:30:11.889-0500","WIN-11","","HKLM\SOFTWARE\Microsoft\Windows Defender\Features\Controls\219 = 0x1"
"2026-08-01T10:30:11.889-0500","WIN-11","","HKLM\SOFTWARE\Microsoft\Windows Defender\Features\Controls\138 = 0x1"
"2026-08-01T10:30:11.889-0500","WIN-11","","HKLM\SOFTWARE\Microsoft\Windows Defender\Features\Controls\_29 = 0x1"
"2026-08-01T10:30:11.889-0500","WIN-11","","HKLM\SOFTWARE\Microsoft\Windows Defender\Features\Controls\_17 = 0x1"
"2026-08-01T10:30:11.889-0500","WIN-11","","HKLM\SOFTWARE\Microsoft\Windows Defender\Features\Controls\311 = 0xE10"
"2026-08-01T10:30:11.889-0500","WIN-11","","HKLM\SOFTWARE\Microsoft\Windows Defender\Features\Controls\310 = 0x1"
"2026-08-01T10:30:11.889-0500","WIN-11","","HKLM\SOFTWARE\Microsoft\Windows Defender\Features\Controls\208 = 0x1"
"2026-08-01T10:30:11.889-0500","WIN-11","","HKLM\SOFTWARE\Microsoft\Windows Defender\Features\Controls\159 = 0x7"
"2026-08-01T10:30:11.889-0500","WIN-11","","HKLM\SOFTWARE\Microsoft\Windows Defender\Features\Controls\89 = 0x1"
"2026-08-01T10:30:11.889-0500","WIN-11","","HKLM\SOFTWARE\Microsoft\Windows Defender\Features\Controls\156 = 0x1"
"2026-08-01T10:30:11.889-0500","WIN-11","","HKLM\SOFTWARE\Microsoft\Windows Defender\Features\Controls\117 = 0x96B4268"
"2026-08-01T10:30:11.889-0500","WIN-11","","HKLM\SOFTWARE\Microsoft\Windows Defender\Features\Controls\115 = 0xF"
"2026-08-01T10:30:11.888-0500","WIN-11","Default\Features\EnableWdAiNiDrv = 0x0","HKLM\SOFTWARE\Microsoft\Windows Defender\Features\EnableWdAiNiDrv = 0x0"
"2026-08-01T10:30:11.885-0500","WIN-11","HKLM\SOFTWARE\Microsoft\Windows Defender\Diagnostics\InitializingComponentProgress = LoadingEngine","HKLM\SOFTWARE\Microsoft\Windows Defender\Diagnostics\InitializingComponentProgress = ServiceStartedSuccessfully"
"2026-08-01T10:30:11.884-0500","WIN-11","Default\CoreService\MemorySensor\EnableLeakDetector = 0x0","HKLM\SOFTWARE\Microsoft\Windows Defender\CoreService\MemorySensor\EnableLeakDetector = 0x0"
"2026-08-01T10:30:11.884-0500","WIN-11","Default\CoreService\MdEnableCoreSvcRemediation = 0x0","HKLM\SOFTWARE\Microsoft\Windows Defender\CoreService\MdEnableCoreSvcRemediation = 0x1"
"2026-08-01T10:30:11.884-0500","WIN-11","HKLM\SOFTWARE\Microsoft\Windows Defender\CoreService\WdConfigHash = 0x7FA41904","HKLM\SOFTWARE\Microsoft\Windows Defender\CoreService\WdConfigHash = 0xF4F57131"
"2026-08-01T10:30:11.883-0500","WIN-11","Default\ProductAppDataPath = C:\ProgramData\Microsoft\Windows Defender","HKLM\SOFTWARE\Microsoft\Windows Defender\ProductAppDataPath = C:\ProgramData\Microsoft\Windows Defender"
"2026-08-01T10:30:11.883-0500","WIN-11","HKLM\SOFTWARE\Microsoft\Windows Defender\InstallLocation = C:\ProgramData\Microsoft\Windows Defender\Platform\4.18.24060.7-0\","HKLM\SOFTWARE\Microsoft\Windows Defender\InstallLocation = C:\ProgramData\Microsoft\Windows Defender\Platform\4.18.26060.3008-0\"
"2026-08-01T10:28:58.158-0500","WIN-11","HKLM\SOFTWARE\Microsoft\Windows Defender\Diagnostics\InitializingComponentProgress = PostPlatformUpdate","HKLM\SOFTWARE\Microsoft\Windows Defender\Diagnostics\InitializingComponentProgress = LoadingEngine"
"2026-08-01T10:28:58.157-0500","WIN-11","Default\Device Control\WddState = 0x2","HKLM\SOFTWARE\Microsoft\Windows Defender\Device Control\WddState = 0x1"
"2026-08-01T10:28:58.156-0500","WIN-11","Default\ServiceStartStates = 0x0","HKLM\SOFTWARE\Microsoft\Windows Defender\ServiceStartStates = 0x1"
"2026-08-01T10:28:52.979-0500","WIN-11","HKLM\SOFTWARE\Microsoft\Windows Defender\Diagnostics\InitializingComponentProgress = InitializeMiscConfigLibrary","HKLM\SOFTWARE\Microsoft\Windows Defender\Diagnostics\InitializingComponentProgress = PostPlatformUpdate"
"2026-08-01T10:28:52.977-0500","WIN-11","Default\IsServiceRunning = 0x0","HKLM\SOFTWARE\Microsoft\Windows Defender\IsServiceRunning = 0x1"
"2026-08-01T10:28:44.688-0500","WIN-11","HKLM\SOFTWARE\Microsoft\Windows Defender\Diagnostics\InitializingComponentProgress = InitializeMiscConfigLibrary","HKLM\SOFTWARE\Microsoft\Windows Defender\Diagnostics\InitializingComponentProgress = PostPlatformUpdate"
"2026-08-01T10:28:44.686-0500","WIN-11","Default\IsServiceRunning = 0x0","HKLM\SOFTWARE\Microsoft\Windows Defender\IsServiceRunning = 0x1"
"2026-08-01T10:28:40.915-0500","WIN-11","HKLM\SOFTWARE\Microsoft\Windows Defender\NIS\Consumers\IPS\DisableBmNetworkSensor = 0x1","Default\NIS\Consumers\IPS\DisableBmNetworkSensor = 0x0"
"2026-08-01T10:28:40.914-0500","WIN-11","HKLM\SOFTWARE\Microsoft\Windows Defender\Diagnostics\CleanupComponentProgress = CleanupCompleted","HKLM\SOFTWARE\Microsoft\Windows Defender\Diagnostics\CleanupComponentProgress = RtpPluginStop"
"2026-08-01T10:28:35.887-0500","WIN-11","Default\NIS\Consumers\IPS\DisableBmNetworkSensor = 0x0","HKLM\SOFTWARE\Microsoft\Windows Defender\NIS\Consumers\IPS\DisableBmNetworkSensor = 0x1"
"2026-08-01T10:25:05.239-0500","WIN-11","Default\ProductAppDataPath = C:\ProgramData\Microsoft\Windows Defender","HKLM\SOFTWARE\Microsoft\Windows Defender\ProductAppDataPath = C:\ProgramData\Microsoft\Windows Defender"
"2026-08-01T10:25:05.239-0500","WIN-11","HKLM\SOFTWARE\Microsoft\Windows Defender\ServiceStartStates = 0x1","Default\ServiceStartStates = 0x0"
"2026-08-01T10:25:04.475-0500","WIN-11","HKLM\SOFTWARE\Microsoft\Windows Defender\Diagnostics\InitializingComponentProgress = LoadingEngine","HKLM\SOFTWARE\Microsoft\Windows Defender\Diagnostics\InitializingComponentProgress = ServiceStartedSuccessfully"
"2026-08-01T10:25:04.473-0500","WIN-11","HKLM\SOFTWARE\Microsoft\Windows Defender\CoreService\WdConfigHash = 0x50CC164D","HKLM\SOFTWARE\Microsoft\Windows Defender\CoreService\WdConfigHash = 0x7FA41904"
"2026-08-01T10:23:58.927-0500","WIN-11","HKLM\SOFTWARE\Microsoft\Windows Defender\Diagnostics\InitializingComponentProgress = InitPluginModules","HKLM\SOFTWARE\Microsoft\Windows Defender\Diagnostics\InitializingComponentProgress = LoadingEngine"
"2026-08-01T10:23:54.554-0500","WIN-11","HKLM\SOFTWARE\Microsoft\Windows Defender\Diagnostics\InitializingComponentProgress = InitEventConfig","HKLM\SOFTWARE\Microsoft\Windows Defender\Diagnostics\InitializingComponentProgress = InitPluginModules"
"2026-08-01T10:23:53.677-0500","WIN-11","HKLM\SOFTWARE\Microsoft\Windows Defender\Diagnostics\InitializingComponentProgress = InitSpynetManager","HKLM\SOFTWARE\Microsoft\Windows Defender\Diagnostics\InitializingComponentProgress = InitEventConfig"
"2026-08-01T10:23:52.472-0500","WIN-11","HKLM\SOFTWARE\Microsoft\Windows Defender\Diagnostics\InitializingComponentProgress = InitTPState","HKLM\SOFTWARE\Microsoft\Windows Defender\Diagnostics\InitializingComponentProgress = InitSpynetManager"
"2026-08-01T10:23:51.703-0500","WIN-11","HKLM\SOFTWARE\Microsoft\Windows Defender\Diagnostics\InitializingComponentProgress = PostPlatformUpdate","HKLM\SOFTWARE\Microsoft\Windows Defender\Diagnostics\InitializingComponentProgress = InitTPState"
"2026-08-01T10:23:51.701-0500","WIN-11","Default\ServiceStartStates = 0x0","HKLM\SOFTWARE\Microsoft\Windows Defender\ServiceStartStates = 0x1"
"2026-08-01T10:23:31.966-0500","WIN-11","HKLM\SOFTWARE\Microsoft\Windows Defender\Diagnostics\InitializingComponentProgress = InitAsimov","HKLM\SOFTWARE\Microsoft\Windows Defender\Diagnostics\InitializingComponentProgress = PostPlatformUpdate"
"2026-08-01T10:23:31.965-0500","WIN-11","HKLM\SOFTWARE\Microsoft\Windows Defender\CoreService\WdConfigHash = 0x7FA41904","HKLM\SOFTWARE\Microsoft\Windows Defender\CoreService\WdConfigHash = 0x50CC164D"
"2026-08-01T10:23:31.463-0500","WIN-11","HKLM\SOFTWARE\Microsoft\Windows Defender\Diagnostics\InitializingComponentProgress = InitializeLogging","HKLM\SOFTWARE\Microsoft\Windows Defender\Diagnostics\InitializingComponentProgress = InitAsimov"
"2026-08-01T10:23:31.462-0500","WIN-11","Default\IsServiceRunning = 0x0","HKLM\SOFTWARE\Microsoft\Windows Defender\IsServiceRunning = 0x1"
"2026-08-01T10:23:30.822-0500","WIN-11","HKLM\SOFTWARE\Microsoft\Windows Defender\Diagnostics\InitializingComponentProgress = InitializeMiscConfigLibrary","HKLM\SOFTWARE\Microsoft\Windows Defender\Diagnostics\InitializingComponentProgress = InitializeLogging"
"2026-07-31T20:12:07.951-0500","WIN-11","HKLM\SOFTWARE\Microsoft\Windows Defender\Diagnostics\InitializingComponentProgress = InitPluginModules","HKLM\SOFTWARE\Microsoft\Windows Defender\Diagnostics\InitializingComponentProgress = LoadingEngine"
"2026-07-31T20:12:00.071-0500","WIN-11","HKLM\SOFTWARE\Microsoft\Windows Defender\Diagnostics\InitializingComponentProgress = PostPlatformUpdate","HKLM\SOFTWARE\Microsoft\Windows Defender\Diagnostics\InitializingComponentProgress = InitPluginModules"
"2026-07-31T20:12:00.070-0500","WIN-11","Default\ServiceStartStates = 0x0","HKLM\SOFTWARE\Microsoft\Windows Defender\ServiceStartStates = 0x1"
"2026-07-31T20:11:51.381-0500","WIN-11","HKLM\SOFTWARE\Microsoft\Windows Defender\Diagnostics\InitializingComponentProgress = InitializeMiscConfigLibrary","HKLM\SOFTWARE\Microsoft\Windows Defender\Diagnostics\InitializingComponentProgress = PostPlatformUpdate"
"2026-07-31T20:11:51.378-0500","WIN-11","HKLM\SOFTWARE\Microsoft\Windows Defender\CoreService\WdConfigHash = 0x7C3019AD","HKLM\SOFTWARE\Microsoft\Windows Defender\CoreService\WdConfigHash = 0x6F6A16D0"
"2026-07-31T19:12:49.497-0500","WIN-11","HKLM\SOFTWARE\Microsoft\Windows Defender\Diagnostics\CleanupComponentProgress = CleanupCompleted","HKLM\SOFTWARE\Microsoft\Windows Defender\Diagnostics\CleanupComponentProgress = CleanupEngine"
"2026-07-31T19:07:54.658-0500","WIN-11","Default\ProductAppDataPath = C:\ProgramData\Microsoft\Windows Defender","HKLM\SOFTWARE\Microsoft\Windows Defender\ProductAppDataPath = C:\ProgramData\Microsoft\Windows Defender"
"2026-07-31T19:07:54.658-0500","WIN-11","HKLM\SOFTWARE\Microsoft\Windows Defender\ServiceStartStates = 0x1","Default\ServiceStartStates = 0x0"
"2026-07-31T19:07:06.314-0500","WIN-11","HKLM\SOFTWARE\Microsoft\Windows Defender\Diagnostics\InitializingComponentProgress = LoadingEngine","HKLM\SOFTWARE\Microsoft\Windows Defender\Diagnostics\InitializingComponentProgress = ServiceStartedSuccessfully"
"2026-07-31T19:07:06.312-0500","WIN-11","HKLM\SOFTWARE\Microsoft\Windows Defender\CoreService\WdConfigHash = 0x50CC164D","HKLM\SOFTWARE\Microsoft\Windows Defender\CoreService\WdConfigHash = 0x7FA41904"
"2026-07-31T19:06:57.211-0500","WIN-11","HKLM\SOFTWARE\Microsoft\Windows Defender\Diagnostics\InitializingComponentProgress = InitPluginModules","HKLM\SOFTWARE\Microsoft\Windows Defender\Diagnostics\InitializingComponentProgress = LoadingEngine"
"2026-07-31T19:06:54.592-0500","WIN-11","HKLM\SOFTWARE\Microsoft\Windows Defender\Diagnostics\InitializingComponentProgress = PostPlatformUpdate","HKLM\SOFTWARE\Microsoft\Windows Defender\Diagnostics\InitializingComponentProgress = InitPluginModules"
"2026-07-31T19:06:54.591-0500","WIN-11","Default\ServiceStartStates = 0x0","HKLM\SOFTWARE\Microsoft\Windows Defender\ServiceStartStates = 0x1"
"2026-07-31T19:06:40.519-0500","WIN-11","HKLM\SOFTWARE\Microsoft\Windows Defender\Diagnostics\InitializingComponentProgress = InitializeMiscConfigLibrary","HKLM\SOFTWARE\Microsoft\Windows Defender\Diagnostics\InitializingComponentProgress = PostPlatformUpdate"
"2026-07-31T19:06:40.517-0500","WIN-11","HKLM\SOFTWARE\Microsoft\Windows Defender\CoreService\WdConfigHash = 0x7FA41904","HKLM\SOFTWARE\Microsoft\Windows Defender\CoreService\WdConfigHash = 0x50CC164D"
"2026-07-31T19:00:01.637-0500","WIN-11","HKLM\SOFTWARE\Microsoft\Windows Defender\SpyNet\SpyNetReportingLocation = 
SOAP:https://wdcp.microsoft.com/WdCpSrvc.asmx
SOAP:https://wdcpalt.microsoft.com/WdCpSrvc.asmx
REST:https://wdcp.microsoft.com/wdcp.svc/submitReport
REST:https://wdcpalt.microsoft.com/wdcp.svc/submitReport
BOND:https://wdcp.microsoft.com/wdcp.svc/bond/submitreport
BOND:https://wdcpalt.microsoft.com/wdcp.svc/bond/submitreport
","HKLM\SOFTWARE\Microsoft\Windows Defender\SpyNet\SpyNetReportingLocation = 
SOAP:https://wdcp.microsoft.com/WdCpSrvc.asmx
SOAP:https://wdcpalt.microsoft.com/WdCpSrvc.asmx
REST:https://wdcp.microsoft.com/wdcp.svc/submitReport
REST:https://wdcpalt.microsoft.com/wdcp.svc/submitReport
BOND:https://wdcp.microsoft.com/wdcp.svc/bond/submitreport
BOND:https://wdcpalt.microsoft.com/wdcp.svc/bond/submitreport
ENTRAHB:https://wdcp.microsoft.com/wdcp.svc/entraReport
ENTRAHB:https://wdcpalt.microsoft.com/wdcp.svc/entraReport
"
"2026-07-31T19:00:01.632-0500","WIN-11","HKLM\SOFTWARE\Microsoft\Windows Defender\Features\Controls\54 = 0x1",""
"2026-07-31T19:00:01.632-0500","WIN-11","HKLM\SOFTWARE\Microsoft\Windows Defender\Features\Controls\50 = 0x0",""
"2026-07-31T19:00:01.632-0500","WIN-11","HKLM\SOFTWARE\Microsoft\Windows Defender\Features\Controls\89 = 0x1",""
"2026-07-31T19:00:01.628-0500","WIN-11","HKLM\SOFTWARE\Microsoft\Windows Defender\Diagnostics\LastSignatureUpdateResult = 0x80072EE7","HKLM\SOFTWARE\Microsoft\Windows Defender\Diagnostics\LastSignatureUpdateResult = 0x0"
"2026-07-31T19:00:01.627-0500","WIN-11","HKLM\SOFTWARE\Microsoft\Windows Defender\CoreService\MemorySensor\LowThresholds = 20|600|128","HKLM\SOFTWARE\Microsoft\Windows Defender\CoreService\MemorySensor\LowThresholds = 80|2024|200"
"2026-07-31T19:00:01.627-0500","WIN-11","HKLM\SOFTWARE\Microsoft\Windows Defender\CoreService\MemorySensor\HighThresholds = 30|1024|500","HKLM\SOFTWARE\Microsoft\Windows Defender\CoreService\MemorySensor\HighThresholds = 80|2024|200"
"2026-07-31T19:00:01.627-0500","WIN-11","HKLM\SOFTWARE\Microsoft\Windows Defender\CoreService\CrashSensor\MonitoredTargets = mpdefendercoreservice|msmpeng|nissrv","HKLM\SOFTWARE\Microsoft\Windows Defender\CoreService\CrashSensor\MonitoredTargets = "
"2026-07-31T19:00:01.627-0500","WIN-11","HKLM\SOFTWARE\Microsoft\Windows Defender\CoreService\CpuSensor\LowThresholds = 10|10|10","HKLM\SOFTWARE\Microsoft\Windows Defender\CoreService\CpuSensor\LowThresholds = 45|95|20"
"2026-07-31T19:00:01.627-0500","WIN-11","HKLM\SOFTWARE\Microsoft\Windows Defender\CoreService\CpuSensor\HighThresholds = 45|90|90","HKLM\SOFTWARE\Microsoft\Windows Defender\CoreService\CpuSensor\HighThresholds = 45|95|20"
"2026-07-31T19:00:01.627-0500","WIN-11","HKLM\SOFTWARE\Microsoft\Windows Defender\CoreService\WdConfigHash = 0x7C3019AD","HKLM\SOFTWARE\Microsoft\Windows Defender\CoreService\WdConfigHash = 0x7FA41904"
"2026-07-31T19:00:01.626-0500","WIN-11","HKLM\SOFTWARE\Microsoft\Windows Defender\CoreService\MdTrustedRootCertThumbPrints = CB3CCBB76031E5E0138F8DD39A23F9DE47FFC35E43C1144CEA27D46A5AB1CB5F|4348A0E9444C78CB265E058D5E8944B4D84F9662BD26DB257F8934A443C70161|31AD6648F8104138C738F39EA4320133393E3A18CC02296EF97C2AC9EF6731D0","HKLM\SOFTWARE\Microsoft\Windows Defender\CoreService\MdTrustedRootCertThumbPrints = CB3CCBB76031E5E0138F8DD39A23F9DE47FFC35E43C1144CEA27D46A5AB1CB5F|4348A0E9444C78CB265E058D5E8944B4D84F9662BD26DB257F8934A443C70161"
"2026-07-31T18:59:51.058-0500","WIN-11","HKLM\SOFTWARE\Microsoft\Windows Defender\SpyNet\LastMAPSFailureTimeString = 2026-07-31T23:45:08Z","HKLM\SOFTWARE\Microsoft\Windows Defender\SpyNet\LastMAPSFailureTimeString = 2026-07-31T23:59:50Z"
"2026-07-31T18:58:24.497-0500","WIN-11","Default\ProductAppDataPath = C:\ProgramData\Microsoft\Windows Defender","HKLM\SOFTWARE\Microsoft\Windows Defender\ProductAppDataPath = C:\ProgramData\Microsoft\Windows Defender"
"2026-07-31T18:58:24.497-0500","WIN-11","HKLM\SOFTWARE\Microsoft\Windows Defender\ServiceStartStates = 0x1","Default\ServiceStartStates = 0x0"
"2026-07-31T18:57:32.323-0500","WIN-11","HKLM\SOFTWARE\Microsoft\Windows Defender\Diagnostics\InitializingComponentProgress = LoadingEngine","HKLM\SOFTWARE\Microsoft\Windows Defender\Diagnostics\InitializingComponentProgress = ServiceStartedSuccessfully"
"2026-07-31T18:57:32.321-0500","WIN-11","HKLM\SOFTWARE\Microsoft\Windows Defender\CoreService\WdConfigHash = 0x6F6A16D0","HKLM\SOFTWARE\Microsoft\Windows Defender\CoreService\WdConfigHash = 0x7C3019AD"
"2026-07-31T18:57:26.568-0500","WIN-11","HKLM\SOFTWARE\Microsoft\Windows Defender\Diagnostics\InitializingComponentProgress = InitPluginModules","HKLM\SOFTWARE\Microsoft\Windows Defender\Diagnostics\InitializingComponentProgress = LoadingEngine"
"2026-07-31T18:57:24.350-0500","WIN-11","HKLM\SOFTWARE\Microsoft\Windows Defender\Diagnostics\InitializingComponentProgress = PostPlatformUpdate","HKLM\SOFTWARE\Microsoft\Windows Defender\Diagnostics\InitializingComponentProgress = InitPluginModules"
"2026-07-31T18:57:24.349-0500","WIN-11","Default\ServiceStartStates = 0x0","HKLM\SOFTWARE\Microsoft\Windows Defender\ServiceStartStates = 0x1"
"2026-07-31T18:57:10.641-0500","WIN-11","HKLM\SOFTWARE\Microsoft\Windows Defender\Diagnostics\InitializingComponentProgress = InitializeMiscConfigLibrary","HKLM\SOFTWARE\Microsoft\Windows Defender\Diagnostics\InitializingComponentProgress = PostPlatformUpdate"
"2026-07-31T18:57:10.639-0500","WIN-11","HKLM\SOFTWARE\Microsoft\Windows Defender\CoreService\WdConfigHash = 0x7C3019AD","HKLM\SOFTWARE\Microsoft\Windows Defender\CoreService\WdConfigHash = 0x6F6A16D0"
"2026-07-31T18:45:09.040-0500","WIN-11","HKLM\SOFTWARE\Microsoft\Windows Defender\SpyNet\LastMAPSFailureTimeString = 2026-07-31T23:29:05Z","HKLM\SOFTWARE\Microsoft\Windows Defender\SpyNet\LastMAPSFailureTimeString = 2026-07-31T23:45:08Z"
"2026-07-31T18:42:58.748-0500","WIN-11","Default\ProductAppDataPath = C:\ProgramData\Microsoft\Windows Defender","HKLM\SOFTWARE\Microsoft\Windows Defender\ProductAppDataPath = C:\ProgramData\Microsoft\Windows Defender"
"2026-07-31T18:42:58.748-0500","WIN-11","HKLM\SOFTWARE\Microsoft\Windows Defender\ServiceStartStates = 0x1","Default\ServiceStartStates = 0x0"
"2026-07-31T18:42:30.723-0500","WIN-11","Default\Diagnostics\LastSignatureUpdateResult = 0x0","HKLM\SOFTWARE\Microsoft\Windows Defender\Diagnostics\LastSignatureUpdateResult = 0x80072EE7"
"2026-07-31T18:42:10.825-0500","WIN-11","HKLM\SOFTWARE\Microsoft\Windows Defender\Diagnostics\InitializingComponentProgress = LoadingEngine","HKLM\SOFTWARE\Microsoft\Windows Defender\Diagnostics\InitializingComponentProgress = ServiceStartedSuccessfully"
"2026-07-31T18:42:10.824-0500","WIN-11","HKLM\SOFTWARE\Microsoft\Windows Defender\CoreService\WdConfigHash = 0x6F6A16D0","HKLM\SOFTWARE\Microsoft\Windows Defender\CoreService\WdConfigHash = 0x7C3019AD"
"2026-07-31T18:42:01.828-0500","WIN-11","HKLM\SOFTWARE\Microsoft\Windows Defender\Diagnostics\InitializingComponentProgress = InitPluginModules","HKLM\SOFTWARE\Microsoft\Windows Defender\Diagnostics\InitializingComponentProgress = LoadingEngine"
"2026-07-31T18:41:58.550-0500","WIN-11","HKLM\SOFTWARE\Microsoft\Windows Defender\Diagnostics\InitializingComponentProgress = PostPlatformUpdate","HKLM\SOFTWARE\Microsoft\Windows Defender\Diagnostics\InitializingComponentProgress = InitPluginModules"
"2026-07-31T18:41:58.548-0500","WIN-11","Default\ServiceStartStates = 0x0","HKLM\SOFTWARE\Microsoft\Windows Defender\ServiceStartStates = 0x1"
"2026-07-31T18:41:44.098-0500","WIN-11","HKLM\SOFTWARE\Microsoft\Windows Defender\Diagnostics\InitializingComponentProgress = InitializeMiscConfigLibrary","HKLM\SOFTWARE\Microsoft\Windows Defender\Diagnostics\InitializingComponentProgress = PostPlatformUpdate"
"2026-07-31T18:41:44.096-0500","WIN-11","HKLM\SOFTWARE\Microsoft\Windows Defender\CoreService\WdConfigHash = 0x7C3019AD","HKLM\SOFTWARE\Microsoft\Windows Defender\CoreService\WdConfigHash = 0x6F6A16D0"
"2026-07-31T18:41:44.096-0500","WIN-11","Default\IsServiceRunning = 0x0","HKLM\SOFTWARE\Microsoft\Windows Defender\IsServiceRunning = 0x1"
"2026-07-31T18:41:03.948-0500","WIN-11","HKLM\SOFTWARE\Microsoft\Windows Defender\Diagnostics\CleanupComponentProgress = RtpPluginStop","HKLM\SOFTWARE\Microsoft\Windows Defender\Diagnostics\CleanupComponentProgress = CleanupEngine"
"2026-07-31T18:41:02.965-0500","WIN-11","HKLM\SOFTWARE\Microsoft\Windows Defender\Diagnostics\CleanupComponentProgress = CleanupEngine","HKLM\SOFTWARE\Microsoft\Windows Defender\Diagnostics\CleanupComponentProgress = RtpPluginStop"
"2026-07-31T18:29:05.956-0500","WIN-11","HKLM\SOFTWARE\Microsoft\Windows Defender\SpyNet\LastMAPSFailureTimeString = 2026-07-31T23:13:42Z","HKLM\SOFTWARE\Microsoft\Windows Defender\SpyNet\LastMAPSFailureTimeString = 2026-07-31T23:29:05Z"
"2026-07-31T18:13:42.919-0500","WIN-11","N/A\SpyNet\LastMAPSFailureTimeString = ","HKLM\SOFTWARE\Microsoft\Windows Defender\SpyNet\LastMAPSFailureTimeString = 2026-07-31T23:13:42Z"
"2026-07-31T18:13:42.087-0500","WIN-11","HKLM\SOFTWARE\Microsoft\Windows Defender\ServiceStartStates = 0x1","Default\ServiceStartStates = 0x0"
"2026-07-31T18:13:16.700-0500","WIN-11","HKLM\SOFTWARE\Microsoft\Windows Defender\Features\Controls\31 = 0x965","HKLM\SOFTWARE\Microsoft\Windows Defender\Features\Controls\31 = 0x2328"
"2026-07-31T18:13:16.700-0500","WIN-11","","HKLM\SOFTWARE\Microsoft\Windows Defender\Features\Controls\_5 = 0x1"
"2026-07-31T18:13:16.700-0500","WIN-11","","HKLM\SOFTWARE\Microsoft\Windows Defender\Features\Controls\30 = 0x67"
"2026-07-31T18:13:16.700-0500","WIN-11","","HKLM\SOFTWARE\Microsoft\Windows Defender\Features\Controls\64 = 0x0"
"2026-07-31T18:13:16.700-0500","WIN-11","","HKLM\SOFTWARE\Microsoft\Windows Defender\Features\Controls\101 = 0x1"
"2026-07-31T18:13:16.700-0500","WIN-11","","HKLM\SOFTWARE\Microsoft\Windows Defender\Features\Controls\52 = 0x8"
"2026-07-31T18:13:16.700-0500","WIN-11","HKLM\SOFTWARE\Microsoft\Windows Defender\Features\Controls\32 = 0x4268","HKLM\SOFTWARE\Microsoft\Windows Defender\Features\Controls\32 = 0x0"
"2026-07-31T18:13:16.700-0500","WIN-11","","HKLM\SOFTWARE\Microsoft\Windows Defender\Features\Controls\28 = 0x0"
"2026-07-31T18:13:16.694-0500","WIN-11","HKLM\SOFTWARE\Microsoft\Windows Defender\Diagnostics\InitializingComponentProgress = LoadingEngine","HKLM\SOFTWARE\Microsoft\Windows Defender\Diagnostics\InitializingComponentProgress = ServiceStartedSuccessfully"
"2026-07-31T18:13:16.689-0500","WIN-11","HKLM\SOFTWARE\Microsoft\Windows Defender\CoreService\WdConfigHash = 0x6F6A16D0","HKLM\SOFTWARE\Microsoft\Windows Defender\CoreService\WdConfigHash = 0x7C3019AD"
"2026-07-31T18:13:16.688-0500","WIN-11","Default\ProductAppDataPath = C:\ProgramData\Microsoft\Windows Defender","HKLM\SOFTWARE\Microsoft\Windows Defender\ProductAppDataPath = C:\ProgramData\Microsoft\Windows Defender"
"2026-07-31T18:13:15.448-0500","WIN-11","HKLM\SOFTWARE\Microsoft\Windows Defender\Features\EcsConfigs\MpFC_MdDisable1ds = 0x0",""
"2026-07-31T18:13:15.448-0500","WIN-11","HKLM\SOFTWARE\Microsoft\Windows Defender\Features\EcsConfigs\MpFC_MdEnableCoreService = 0x1",""
"2026-07-31T18:13:15.448-0500","WIN-11","HKLM\SOFTWARE\Microsoft\Windows Defender\Features\EcsConfigs\MpFC_RtpEnableDefenderConfigMonitoring = 0x1",""
"2026-07-31T18:13:15.448-0500","WIN-11","HKLM\SOFTWARE\Microsoft\Windows Defender\Features\EcsConfigs\MpFC_AdvertiseM365PackMinor = 0x965","HKLM\SOFTWARE\Microsoft\Windows Defender\Features\EcsConfigs\MpFC_AdvertiseM365PackMinor = 0x2328"
"2026-07-31T18:13:15.448-0500","WIN-11","","HKLM\SOFTWARE\Microsoft\Windows Defender\Features\EcsConfigs\MpFC_M365ToastCurrentVerRollout = 0x64"
"2026-07-31T18:13:15.448-0500","WIN-11","","HKLM\SOFTWARE\Microsoft\Windows Defender\Features\EcsConfigs\MpFC_EnableRiskIQSensorTcp = 0x1"
"2026-07-31T18:13:15.448-0500","WIN-11","","HKLM\SOFTWARE\Microsoft\Windows Defender\Features\EcsConfigs\MpFC_DisableTerminateNriWhenUnhealthy = 0x1"
"2026-07-31T18:13:15.448-0500","WIN-11","","HKLM\SOFTWARE\Microsoft\Windows Defender\Features\EcsConfigs\NIS_DisableTransportCallouts = 0x1"
"2026-07-31T18:13:15.448-0500","WIN-11","","HKLM\SOFTWARE\Microsoft\Windows Defender\Features\EcsConfigs\MpFC_M365StablePackVer = 0x96B4268"
"2026-07-31T18:13:15.448-0500","WIN-11","","HKLM\SOFTWARE\Microsoft\Windows Defender\Features\EcsConfigs\MpFc_Kernel_L2StateCache_SupportGenericFileState = 0x1"
"2026-07-31T18:13:15.448-0500","WIN-11","","HKLM\SOFTWARE\Microsoft\Windows Defender\Features\EcsConfigs\MpFc_Kernel_DlpIgnoreSystemFolder = 0x1"
"2026-07-31T18:13:15.448-0500","WIN-11","","HKLM\SOFTWARE\Microsoft\Windows Defender\Features\EcsConfigs\MpFC_Kernel_DisableNormalKernelApcOnScan = 0x1"
"2026-07-31T18:13:15.448-0500","WIN-11","","HKLM\SOFTWARE\Microsoft\Windows Defender\Features\EcsConfigs\MpFC_CoreSvc_ResMon_MemLimit = 0x191"
"2026-07-31T18:13:15.448-0500","WIN-11","HKLM\SOFTWARE\Microsoft\Windows Defender\Features\EcsConfigs\MpFC_AdvertiseM365PackMajor = 0x66","HKLM\SOFTWARE\Microsoft\Windows Defender\Features\EcsConfigs\MpFC_AdvertiseM365PackMajor = 0x67"
"2026-07-31T18:13:15.448-0500","WIN-11","HKLM\SOFTWARE\Microsoft\Windows Defender\Features\EcsConfigs\MpFC_AdvertiseM365PackBuild = 0x4268","HKLM\SOFTWARE\Microsoft\Windows Defender\Features\EcsConfigs\MpFC_AdvertiseM365PackBuild = 0x0"
"2026-07-31T18:13:15.448-0500","WIN-11","","HKLM\SOFTWARE\Microsoft\Windows Defender\Features\EcsConfigs\MpFC_NisSrvWatchDogTimerFix = 0x0"
"2026-07-31T18:13:15.448-0500","WIN-11","","HKLM\SOFTWARE\Microsoft\Windows Defender\Features\EcsConfigs\MpFC_NISDrv_Cleanup = 0x0"
"2026-07-31T18:13:15.448-0500","WIN-11","","HKLM\SOFTWARE\Microsoft\Windows Defender\Features\EcsConfigs\MpFC_DC_AllowLockedSessionsAsLastLogon = 0x1"
"2026-07-31T18:13:15.448-0500","WIN-11","","HKLM\SOFTWARE\Microsoft\Windows Defender\Features\EcsConfigs\MpFC_SCC_FeatureAvailable = 0x0"
"2026-07-31T18:13:15.448-0500","WIN-11","","HKLM\SOFTWARE\Microsoft\Windows Defender\Features\EcsConfigs\MpFC_M365SsoFeature = 0x3"
"2026-07-31T18:13:15.448-0500","WIN-11","","HKLM\SOFTWARE\Microsoft\Windows Defender\Features\EcsConfigs\MpFC_M365CurrentPackVer = 0x96B4650"
"2026-07-31T18:13:15.448-0500","WIN-11","","HKLM\SOFTWARE\Microsoft\Windows Defender\Features\EcsConfigs\MpFC_Kernel_FolderHardeningOnCreate = 0x1"
"2026-07-31T18:13:15.448-0500","WIN-11","","HKLM\SOFTWARE\Microsoft\Windows Defender\Features\EcsConfigs\MpFC_EnableNisExternalInboundConnection = 0x1"
"2026-07-31T18:13:15.448-0500","WIN-11","","HKLM\SOFTWARE\Microsoft\Windows Defender\Features\EcsConfigs\MpFC_Dlp_QuarantineNetworkItemAgeInSeconds = 0x3"
"2026-07-31T18:13:15.448-0500","WIN-11","","HKLM\SOFTWARE\Microsoft\Windows Defender\Features\EcsConfigs\MpFc_Disruption_ModularPolicyPublish = 0x1"
"2026-07-31T18:13:15.448-0500","WIN-11","","HKLM\SOFTWARE\Microsoft\Windows Defender\Features\EcsConfigs\MpFC_DC_DisableAadDeviceIdQuery = 0x1"
"2026-07-31T18:13:15.448-0500","WIN-11","HKLM\SOFTWARE\Microsoft\Windows Defender\Features\EcsConfigs\MpFC_AdvertiseM365Feature = 0xF","HKLM\SOFTWARE\Microsoft\Windows Defender\Features\EcsConfigs\MpFC_AdvertiseM365Feature = 0x0"
"2026-07-31T18:13:15.448-0500","WIN-11","","HKLM\SOFTWARE\Microsoft\Windows Defender\Features\EcsConfigs\MpDlpClipboardSettings = 0x18F"
"2026-07-31T18:13:15.448-0500","WIN-11","","HKLM\SOFTWARE\Microsoft\Windows Defender\Features\EcsConfigs\EnableThreatIdKeyForSigExpiry_MpRamp = 0x1"
"2026-07-31T18:13:15.448-0500","WIN-11","","HKLM\SOFTWARE\Microsoft\Windows Defender\Features\EcsConfigs\MpFc_Kernel_DisableOfficeInjectUevSuppression = 0x1"
"2026-07-31T18:13:15.448-0500","WIN-11","","HKLM\SOFTWARE\Microsoft\Windows Defender\Features\EcsConfigs\MpFC_EnableNriRiskIQDetect = 0x1"
"2026-07-31T18:13:15.448-0500","WIN-11","","HKLM\SOFTWARE\Microsoft\Windows Defender\Features\EcsConfigs\MpFC_DisableTransportCallouts = 0x1"
"2026-07-31T18:13:15.448-0500","WIN-11","","HKLM\SOFTWARE\Microsoft\Windows Defender\Features\EcsConfigs\MpFC_DC_EnableAadSidCache = 0x1"
"2026-07-31T18:13:15.448-0500","WIN-11","","HKLM\SOFTWARE\Microsoft\Windows Defender\Features\EcsConfigs\MpFC_EnableRiskIQSensorUdp = 0x1"
"2026-07-31T18:13:15.448-0500","WIN-11","","HKLM\SOFTWARE\Microsoft\Windows Defender\Features\EcsConfigs\MpFC_EnableNisExternalInboundConnectionThrottle = 0xE10"
"2026-07-31T18:13:15.448-0500","WIN-11","","HKLM\SOFTWARE\Microsoft\Windows Defender\Features\EcsConfigs\MpFC_EnableMdeDiag = 0x1"
"2026-07-31T18:13:15.448-0500","WIN-11","","HKLM\SOFTWARE\Microsoft\Windows Defender\Features\EcsConfigs\MpFC_EnableIpV6Reporting = 0x1"
"2026-07-31T18:13:15.448-0500","WIN-11","","HKLM\SOFTWARE\Microsoft\Windows Defender\Features\EcsConfigs\MpDisableCmdLineNormalizationKC = 0x0"
"2026-07-31T18:13:15.448-0500","WIN-11","","HKLM\SOFTWARE\Microsoft\Windows Defender\Features\EcsConfigs\MpFC_TS_UseStrictOriginQuery = 0x0"
"2026-07-31T18:13:15.448-0500","WIN-11","","HKLM\SOFTWARE\Microsoft\Windows Defender\Features\EcsConfigs\MpDisableBmHealthOneDsEvent = 0x1"
"2026-07-31T18:13:15.448-0500","WIN-11","","HKLM\SOFTWARE\Microsoft\Windows Defender\Features\EcsConfigs\EnableSmsEmsOnArm64_MpRamp = 0x1"
"2026-07-31T18:13:15.448-0500","WIN-11","","HKLM\SOFTWARE\Microsoft\Windows Defender\Features\EcsConfigs\MpFC_SupportThreatActionDetectionOnly = 0x1"
"2026-07-31T18:13:15.448-0500","WIN-11","","HKLM\SOFTWARE\Microsoft\Windows Defender\Features\EcsConfigs\MpFC_M365ToastFeature = 0xF"
"2026-07-31T18:13:15.448-0500","WIN-11","","HKLM\SOFTWARE\Microsoft\Windows Defender\Features\EcsConfigs\MpFc_Kernel_L2StateCache_DefaultStreamsOnly = 0x1"
"2026-07-31T18:13:15.447-0500","WIN-11","","HKLM\SOFTWARE\Microsoft\Windows Defender\Features\EcsConfigs\MpFC_EnableOnDemandScan1DSMetrics = 0x1"
"2026-07-31T18:13:15.447-0500","WIN-11","","HKLM\SOFTWARE\Microsoft\Windows Defender\Features\EcsConfigs\MpFC_Dlp_QuarantineItemAgeInSeconds = 0x3"
"2026-07-31T18:13:15.447-0500","WIN-11","","HKLM\SOFTWARE\Microsoft\Windows Defender\Features\EcsConfigs\MpFC_Dlp_EventThrotteIntervalInSec = 0xF"
"2026-07-31T18:13:15.447-0500","WIN-11","","HKLM\SOFTWARE\Microsoft\Windows Defender\Features\EcsConfigs\MpFC_AllowTrustAnchorsForTLS = 0x1"
"2026-07-31T18:13:15.447-0500","WIN-11","","HKLM\SOFTWARE\Microsoft\Windows Defender\Features\EcsConfigs\MpFC_NisSrvEnableOneDSTelemetry = 0x0"
"2026-07-31T18:13:15.447-0500","WIN-11","","HKLM\SOFTWARE\Microsoft\Windows Defender\Features\EcsConfigs\MpFC_Md1dsMaxMemorySize = 0x8"
"2026-07-31T18:13:15.447-0500","WIN-11","","HKLM\SOFTWARE\Microsoft\Windows Defender\Features\EcsConfigs\MpFC_M365SsoCurrentVerRollout = 0x64"
"2026-07-31T18:13:15.447-0500","WIN-11","","HKLM\SOFTWARE\Microsoft\Windows Defender\Features\EcsConfigs\MpFc_Kernel_MaxAsyncWorkQueue = 0x400"
"2026-07-31T18:13:15.447-0500","WIN-11","","HKLM\SOFTWARE\Microsoft\Windows Defender\Features\EcsConfigs\MpFC_SAC_ClientWaitForRpc = 0x0"
"2026-07-31T18:13:15.447-0500","WIN-11","","HKLM\SOFTWARE\Microsoft\Windows Defender\Features\EcsConfigs\MpFC_Kernel_PreventBindfltAbuse = 0x1"
"2026-07-31T18:13:15.447-0500","WIN-11","","HKLM\SOFTWARE\Microsoft\Windows Defender\Features\EcsConfigs\MpFc_Kernel_DoNotResetExcludeOnModify = 0x0"
"2024-07-31T21:54:10.924-0500","WIN-11","N/A\Features\DlpAppEnlightenmentSettings = ","HKLM\SOFTWARE\Microsoft\Windows Defender\Features\DlpAppEnlightenmentSettings = 0x0"
"2024-07-31T21:54:10.923-0500","WIN-11","Default\Features\TamperProtectionSource = 0x0","HKLM\SOFTWARE\Microsoft\Windows Defender\Features\TamperProtectionSource = 0x5"
"2024-07-31T21:54:10.282-0500","WIN-11","Default\SpyNet\MAPSconcurrencyDss = 0xA","HKLM\SOFTWARE\Microsoft\Windows Defender\SpyNet\MAPSconcurrencyDss = 0xA"
"2024-07-31T21:54:10.282-0500","WIN-11","Default\SpyNet\SSLOptions = 0x0","HKLM\SOFTWARE\Microsoft\Windows Defender\SpyNet\SSLOptions = 0x3"
"2024-07-31T21:54:10.282-0500","WIN-11","Default\SpyNet\SpyNetReportingLocation = 
REST:https://wdcp.microsoft.com/wdcp.svc/submitReport
","HKLM\SOFTWARE\Microsoft\Windows Defender\SpyNet\SpyNetReportingLocation = 
SOAP:https://wdcp.microsoft.com/WdCpSrvc.asmx
SOAP:https://wdcpalt.microsoft.com/WdCpSrvc.asmx
REST:https://wdcp.microsoft.com/wdcp.svc/submitReport
REST:https://wdcpalt.microsoft.com/wdcp.svc/submitReport
BOND:https://wdcp.microsoft.com/wdcp.svc/bond/submitreport
BOND:https://wdcpalt.microsoft.com/wdcp.svc/bond/submitreport
"
"2024-07-31T21:54:10.282-0500","WIN-11","Default\SpyNet\MAPSconcurrency = 0x1","HKLM\SOFTWARE\Microsoft\Windows Defender\SpyNet\MAPSconcurrency = 0x1"
"2024-07-31T21:54:10.282-0500","WIN-11","Default\Signature Updates\SignatureType = 0x0","HKLM\SOFTWARE\Microsoft\Windows Defender\Signature Updates\SignatureType = 0x0"
"2024-07-31T21:54:10.279-0500","WIN-11","Default\Scan\DaysUntilAggressiveCatchupQuickScan = 0x19","HKLM\SOFTWARE\Microsoft\Windows Defender\Scan\DaysUntilAggressiveCatchupQuickScan = 0x1E"
"2024-07-31T21:54:10.279-0500","WIN-11","Default\Scan\AggressiveCatchupQuickScanReattemptElapsed = 0x17","HKLM\SOFTWARE\Microsoft\Windows Defender\Scan\AggressiveCatchupQuickScanReattemptElapsed = 0x17"
"2024-07-31T21:54:10.274-0500","WIN-11","Default\Real-Time Protection\DpaDisabled = 0x0","HKLM\SOFTWARE\Microsoft\Windows Defender\Real-Time Protection\DpaDisabled = 0x0"
"2024-07-31T21:54:10.265-0500","WIN-11","Default\SmartLockerMode = 0x0","HKLM\SOFTWARE\Microsoft\Windows Defender\SmartLockerMode = 0x1"
"2024-07-31T21:52:33.991-0500","WIN-11","Default\Windows Defender Exploit Guard\Network Protection\EnableNetworkProtection = 0x0","HKLM\SOFTWARE\Microsoft\Windows Defender\Windows Defender Exploit Guard\Network Protection\EnableNetworkProtection = 0x0"
"2024-07-31T21:52:33.988-0500","WIN-11","Default\UX Configuration\UILockdown = 0x0","HKLM\SOFTWARE\Microsoft\Windows Defender\UX Configuration\UILockdown = 0x0"
"2024-07-31T21:52:33.985-0500","WIN-11","Default\Scan\ScheduleQuickScanTime = 0x0","HKLM\SOFTWARE\Microsoft\Windows Defender\Scan\ScheduleQuickScanTime = 0x0"
"2024-07-31T21:52:33.976-0500","WIN-11","Default\Features\TPExclusions = 0x0","HKLM\SOFTWARE\Microsoft\Windows Defender\Features\TPExclusions = 0x0"
"2024-07-31T21:52:33.976-0500","WIN-11","Default\Features\TamperProtection = 0x0","HKLM\SOFTWARE\Microsoft\Windows Defender\Features\TamperProtection = 0x1"
"2024-07-31T21:52:33.973-0500","WIN-11","Default\ServiceStartStates = 0x0","HKLM\SOFTWARE\Microsoft\Windows Defender\ServiceStartStates = 0x1"
"2024-07-31T21:52:33.973-0500","WIN-11","Default\ManagedDefenderProductType = 0x0","HKLM\SOFTWARE\Microsoft\Windows Defender\ManagedDefenderProductType = 0x0"
"2024-07-31T21:52:29.148-0500","WIN-11","N/A\ProductType = ","HKLM\SOFTWARE\Microsoft\Windows Defender\ProductType = 0x2"
"2024-07-31T21:52:29.148-0500","WIN-11","Default\HybridModeEnabled = 0x0","HKLM\SOFTWARE\Microsoft\Windows Defender\HybridModeEnabled = 0x0"
"2024-07-31T21:52:29.147-0500","WIN-11","Default\VerifiedAndReputableTrustModeEnabled = 0x0","HKLM\SOFTWARE\Microsoft\Windows Defender\VerifiedAndReputableTrustModeEnabled = 0x1"
"2024-07-31T21:52:29.147-0500","WIN-11","Default\IsServiceRunning = 0x0","HKLM\SOFTWARE\Microsoft\Windows Defender\IsServiceRunning = 0x1"
"2024-07-31T21:52:29.147-0500","WIN-11","Default\InstallLocation = C:\Program Files\Windows Defender","HKLM\SOFTWARE\Microsoft\Windows Defender\InstallLocation = C:\Program Files\Windows Defender\"
"2024-07-31T18:20:23.798-0500","WIN-11","HKLM\SOFTWARE\Microsoft\Windows Defender\Diagnostics\CleanupComponentProgress = RtpPluginStop","HKLM\SOFTWARE\Microsoft\Windows Defender\Diagnostics\CleanupComponentProgress = CleanupEngine"
"2024-07-31T18:20:21.481-0500","WIN-11","HKLM\SOFTWARE\Microsoft\Windows Defender\Diagnostics\CleanupComponentProgress = CleanupCompleted","HKLM\SOFTWARE\Microsoft\Windows Defender\Diagnostics\CleanupComponentProgress = RtpPluginStop"
"2024-07-31T18:06:40.092-0500","WIN-11","HKLM\SOFTWARE\Microsoft\Windows Defender\ServiceStartStates = 0x1","Default\ServiceStartStates = 0x0"
"2024-07-31T18:06:25.247-0500","WIN-11","Default\ProductAppDataPath = C:\ProgramData\Microsoft\Windows Defender","HKLM\SOFTWARE\Microsoft\Windows Defender\ProductAppDataPath = C:\ProgramData\Microsoft\Windows Defender"
"2024-07-31T18:05:46.143-0500","WIN-11","HKLM\SOFTWARE\Microsoft\Windows Defender\Diagnostics\InitializingComponentProgress = LoadingEngine","HKLM\SOFTWARE\Microsoft\Windows Defender\Diagnostics\InitializingComponentProgress = ServiceStartedSuccessfully"
"2024-07-31T18:05:46.142-0500","WIN-11","HKLM\SOFTWARE\Microsoft\Windows Defender\CoreService\WdConfigHash = 0x6F6A16D0","HKLM\SOFTWARE\Microsoft\Windows Defender\CoreService\WdConfigHash = 0x7C3019AD"
"2024-07-31T18:05:40.572-0500","WIN-11","HKLM\SOFTWARE\Microsoft\Windows Defender\Diagnostics\InitializingComponentProgress = RegistringUxToastLibrary","HKLM\SOFTWARE\Microsoft\Windows Defender\Diagnostics\InitializingComponentProgress = LoadingEngine"
"2024-07-31T18:05:40.010-0500","WIN-11","HKLM\SOFTWARE\Microsoft\Windows Defender\Diagnostics\InitializingComponentProgress = PostPlatformUpdate","HKLM\SOFTWARE\Microsoft\Windows Defender\Diagnostics\InitializingComponentProgress = RegistringUxToastLibrary"
"2024-07-31T18:05:40.008-0500","WIN-11","Default\ServiceStartStates = 0x0","HKLM\SOFTWARE\Microsoft\Windows Defender\ServiceStartStates = 0x1"
"2024-07-31T18:05:24.444-0500","WIN-11","HKLM\SOFTWARE\Microsoft\Windows Defender\Diagnostics\InitializingComponentProgress = InitializeMiscConfigLibrary","HKLM\SOFTWARE\Microsoft\Windows Defender\Diagnostics\InitializingComponentProgress = PostPlatformUpdate"
"2024-07-31T18:05:24.431-0500","WIN-11","HKLM\SOFTWARE\Microsoft\Windows Defender\CoreService\WdConfigHash = 0x7C3019AD","HKLM\SOFTWARE\Microsoft\Windows Defender\CoreService\WdConfigHash = 0x6F6A16D0"
"2024-07-31T18:05:24.431-0500","WIN-11","Default\IsServiceRunning = 0x0","HKLM\SOFTWARE\Microsoft\Windows Defender\IsServiceRunning = 0x1"
"2024-07-31T18:04:19.229-0500","WIN-11","HKLM\SOFTWARE\Microsoft\Windows Defender\Diagnostics\CleanupComponentProgress = RtpPluginStop","HKLM\SOFTWARE\Microsoft\Windows Defender\Diagnostics\CleanupComponentProgress = CleanupEngine"
"2024-07-31T18:04:18.380-0500","WIN-11","HKLM\SOFTWARE\Microsoft\Windows Defender\Diagnostics\CleanupComponentProgress = CleanupCompleted","HKLM\SOFTWARE\Microsoft\Windows Defender\Diagnostics\CleanupComponentProgress = RtpPluginStop"
"2024-07-31T18:01:58.900-0500","WIN-11","Default\ProductAppDataPath = C:\ProgramData\Microsoft\Windows Defender","HKLM\SOFTWARE\Microsoft\Windows Defender\ProductAppDataPath = C:\ProgramData\Microsoft\Windows Defender"
"2024-07-31T18:01:58.900-0500","WIN-11","HKLM\SOFTWARE\Microsoft\Windows Defender\ServiceStartStates = 0x1","Default\ServiceStartStates = 0x0"
"2024-07-31T18:01:15.455-0500","WIN-11","HKLM\SOFTWARE\Microsoft\Windows Defender\Diagnostics\InitializingComponentProgress = LoadingEngine","HKLM\SOFTWARE\Microsoft\Windows Defender\Diagnostics\InitializingComponentProgress = ServiceStartedSuccessfully"
"2024-07-31T18:01:15.453-0500","WIN-11","HKLM\SOFTWARE\Microsoft\Windows Defender\CoreService\WdConfigHash = 0x6F6A16D0","HKLM\SOFTWARE\Microsoft\Windows Defender\CoreService\WdConfigHash = 0x7C3019AD"
"2024-07-31T18:01:01.680-0500","WIN-11","HKLM\SOFTWARE\Microsoft\Windows Defender\Diagnostics\InitializingComponentProgress = RegistringUxToastLibrary","HKLM\SOFTWARE\Microsoft\Windows Defender\Diagnostics\InitializingComponentProgress = LoadingEngine"
"2024-07-31T18:00:59.371-0500","WIN-11","HKLM\SOFTWARE\Microsoft\Windows Defender\Diagnostics\InitializingComponentProgress = InitPluginModules","HKLM\SOFTWARE\Microsoft\Windows Defender\Diagnostics\InitializingComponentProgress = RegistringUxToastLibrary"
"2024-07-31T18:00:58.841-0500","WIN-11","HKLM\SOFTWARE\Microsoft\Windows Defender\Diagnostics\InitializingComponentProgress = CheckToEnableIOAV","HKLM\SOFTWARE\Microsoft\Windows Defender\Diagnostics\InitializingComponentProgress = InitPluginModules"
"2024-07-31T18:00:58.322-0500","WIN-11","HKLM\SOFTWARE\Microsoft\Windows Defender\Diagnostics\InitializingComponentProgress = PostPlatformUpdate","HKLM\SOFTWARE\Microsoft\Windows Defender\Diagnostics\InitializingComponentProgress = CheckToEnableIOAV"
"2024-07-31T18:00:44.274-0500","WIN-11","HKLM\SOFTWARE\Microsoft\Windows Defender\Diagnostics\InitializingComponentProgress = InitializeMiscConfigLibrary","HKLM\SOFTWARE\Microsoft\Windows Defender\Diagnostics\InitializingComponentProgress = PostPlatformUpdate"
"2024-07-31T18:00:44.272-0500","WIN-11","HKLM\SOFTWARE\Microsoft\Windows Defender\CoreService\WdConfigHash = 0x7C3019AD","HKLM\SOFTWARE\Microsoft\Windows Defender\CoreService\WdConfigHash = 0x6F6A16D0"
"2024-07-31T18:00:44.271-0500","WIN-11","Default\IsServiceRunning = 0x0","HKLM\SOFTWARE\Microsoft\Windows Defender\IsServiceRunning = 0x1"
"2024-07-31T17:51:14.732-0500","WIN-11","HKLM\SOFTWARE\Microsoft\Windows Defender\Diagnostics\CleanupComponentProgress = RtpPluginStop","HKLM\SOFTWARE\Microsoft\Windows Defender\Diagnostics\CleanupComponentProgress = CleanupEngine"
"2024-07-31T17:51:12.745-0500","WIN-11","HKLM\SOFTWARE\Microsoft\Windows Defender\Diagnostics\CleanupComponentProgress = CleanupCompleted","HKLM\SOFTWARE\Microsoft\Windows Defender\Diagnostics\CleanupComponentProgress = RtpPluginStop"
"2024-07-31T17:51:11.033-0500","WIN-11","HKLM\SOFTWARE\Microsoft\Windows Defender\Diagnostics\InitializingComponentProgress = LoadingEngine","HKLM\SOFTWARE\Microsoft\Windows Defender\Diagnostics\InitializingComponentProgress = ServiceStartedSuccessfully"
"2024-07-31T17:51:11.025-0500","WIN-11","HKLM\SOFTWARE\Microsoft\Windows Defender\CoreService\WdConfigHash = 0x6F6A16D0","HKLM\SOFTWARE\Microsoft\Windows Defender\CoreService\WdConfigHash = 0x7C3019AD"
"2024-07-31T17:51:04.969-0500","WIN-11","HKLM\SOFTWARE\Microsoft\Windows Defender\Diagnostics\InitializingComponentProgress = RegistringUxToastLibrary","HKLM\SOFTWARE\Microsoft\Windows Defender\Diagnostics\InitializingComponentProgress = LoadingEngine"
"2024-07-31T17:51:03.929-0500","WIN-11","HKLM\SOFTWARE\Microsoft\Windows Defender\Diagnostics\InitializingComponentProgress = InitOnDemandProvider","HKLM\SOFTWARE\Microsoft\Windows Defender\Diagnostics\InitializingComponentProgress = RegistringUxToastLibrary"
"2024-07-31T17:51:03.385-0500","WIN-11","HKLM\SOFTWARE\Microsoft\Windows Defender\Diagnostics\InitializingComponentProgress = PostPlatformUpdate","HKLM\SOFTWARE\Microsoft\Windows Defender\Diagnostics\InitializingComponentProgress = InitOnDemandProvider"
"2024-07-31T17:51:03.383-0500","WIN-11","Default\ServiceStartStates = 0x0","HKLM\SOFTWARE\Microsoft\Windows Defender\ServiceStartStates = 0x1"
"2024-07-31T17:50:45.950-0500","WIN-11","HKLM\SOFTWARE\Microsoft\Windows Defender\Diagnostics\InitializingComponentProgress = InitializeMiscConfigLibrary","HKLM\SOFTWARE\Microsoft\Windows Defender\Diagnostics\InitializingComponentProgress = PostPlatformUpdate"
"2024-07-31T17:50:45.948-0500","WIN-11","HKLM\SOFTWARE\Microsoft\Windows Defender\CoreService\WdConfigHash = 0x7C3019AD","HKLM\SOFTWARE\Microsoft\Windows Defender\CoreService\WdConfigHash = 0x6F6A16D0"
"2024-07-31T17:50:45.947-0500","WIN-11","Default\IsServiceRunning = 0x0","HKLM\SOFTWARE\Microsoft\Windows Defender\IsServiceRunning = 0x1"
"2024-07-31T17:49:23.981-0500","WIN-11","HKLM\SOFTWARE\Microsoft\Windows Defender\Diagnostics\CleanupComponentProgress = RtpPluginStop","HKLM\SOFTWARE\Microsoft\Windows Defender\Diagnostics\CleanupComponentProgress = CleanupEngine"
"2024-07-31T17:49:22.501-0500","WIN-11","HKLM\SOFTWARE\Microsoft\Windows Defender\Diagnostics\CleanupComponentProgress = ShutdownSpyNetManager","HKLM\SOFTWARE\Microsoft\Windows Defender\Diagnostics\CleanupComponentProgress = RtpPluginStop"
"2024-07-31T17:49:21.835-0500","WIN-11","HKLM\SOFTWARE\Microsoft\Windows Defender\Diagnostics\CleanupComponentProgress = CleanupCompleted","HKLM\SOFTWARE\Microsoft\Windows Defender\Diagnostics\CleanupComponentProgress = ShutdownSpyNetManager"
"2024-07-31T16:52:20.078-0500","WIN-11","","HKLM\SOFTWARE\Microsoft\Windows Defender\Features\EcsConfigs\MdTimerMonitorInterval = 0x493E0"
"2024-07-31T16:52:20.078-0500","WIN-11","","HKLM\SOFTWARE\Microsoft\Windows Defender\Features\EcsConfigs\MdTimerInitalDelay = 0x493E2"
"2024-07-31T16:52:20.078-0500","WIN-11","","HKLM\SOFTWARE\Microsoft\Windows Defender\Features\EcsConfigs\MpFC_MdDisable1ds = 0x0"
"2024-07-31T16:52:20.078-0500","WIN-11","","HKLM\SOFTWARE\Microsoft\Windows Defender\Features\EcsConfigs\MpFC_MdEnableCoreService = 0x1"
"2024-07-31T16:52:20.078-0500","WIN-11","","HKLM\SOFTWARE\Microsoft\Windows Defender\Features\EcsConfigs\MpFC_EcsConfigDownloadInterval = 0x3E"
"2024-07-31T16:52:20.078-0500","WIN-11","","HKLM\SOFTWARE\Microsoft\Windows Defender\Features\EcsConfigs\MdDisableResController = 0x0"
"2024-07-31T16:11:59.114-0500","WIN-11","Default\ProductAppDataPath = C:\ProgramData\Microsoft\Windows Defender","HKLM\SOFTWARE\Microsoft\Windows Defender\ProductAppDataPath = C:\ProgramData\Microsoft\Windows Defender"
"2024-07-31T16:11:59.114-0500","WIN-11","HKLM\SOFTWARE\Microsoft\Windows Defender\ServiceStartStates = 0x1","Default\ServiceStartStates = 0x0"
"2024-07-31T16:11:14.505-0500","WIN-11","HKLM\SOFTWARE\Microsoft\Windows Defender\Diagnostics\InitializingComponentProgress = LoadingEngine","HKLM\SOFTWARE\Microsoft\Windows Defender\Diagnostics\InitializingComponentProgress = ServiceStartedSuccessfully"
"2024-07-31T16:11:14.503-0500","WIN-11","HKLM\SOFTWARE\Microsoft\Windows Defender\CoreService\WdConfigHash = 0x6F6A16D0","HKLM\SOFTWARE\Microsoft\Windows Defender\CoreService\WdConfigHash = 0x7C3019AD"
"2024-07-31T16:10:58.337-0500","WIN-11","HKLM\SOFTWARE\Microsoft\Windows Defender\Diagnostics\InitializingComponentProgress = PostPlatformUpdate","HKLM\SOFTWARE\Microsoft\Windows Defender\Diagnostics\InitializingComponentProgress = LoadingEngine"
"2024-07-31T16:10:41.381-0500","WIN-11","HKLM\SOFTWARE\Microsoft\Windows Defender\Diagnostics\InitializingComponentProgress = InitializeMiscConfigLibrary","HKLM\SOFTWARE\Microsoft\Windows Defender\Diagnostics\InitializingComponentProgress = PostPlatformUpdate"
"2024-07-31T16:10:41.378-0500","WIN-11","HKLM\SOFTWARE\Microsoft\Windows Defender\CoreService\WdConfigHash = 0x7C3019AD","HKLM\SOFTWARE\Microsoft\Windows Defender\CoreService\WdConfigHash = 0x6F6A16D0"
"2024-07-31T16:10:41.377-0500","WIN-11","Default\IsServiceRunning = 0x0","HKLM\SOFTWARE\Microsoft\Windows Defender\IsServiceRunning = 0x1"
"2024-07-31T16:09:32.534-0500","WIN-11","HKLM\SOFTWARE\Microsoft\Windows Defender\Diagnostics\CleanupComponentProgress = CleanupCompleted","HKLM\SOFTWARE\Microsoft\Windows Defender\Diagnostics\CleanupComponentProgress = RtpPluginStop"
"2024-07-31T16:08:46.336-0500","WIN-11","HKLM\SOFTWARE\Microsoft\Windows Defender\Diagnostics\InitializingComponentProgress = LoadingEngine","HKLM\SOFTWARE\Microsoft\Windows Defender\Diagnostics\InitializingComponentProgress = ServiceStartedSuccessfully"
"2024-07-31T16:08:46.332-0500","WIN-11","HKLM\SOFTWARE\Microsoft\Windows Defender\CoreService\WdConfigHash = 0x6F6A16D0","HKLM\SOFTWARE\Microsoft\Windows Defender\CoreService\WdConfigHash = 0x7C3019AD"
"2024-07-31T16:08:38.133-0500","WIN-11","HKLM\SOFTWARE\Microsoft\Windows Defender\Diagnostics\InitializingComponentProgress = RegistringUxToastLibrary","HKLM\SOFTWARE\Microsoft\Windows Defender\Diagnostics\InitializingComponentProgress = LoadingEngine"
"2024-07-31T16:08:37.102-0500","WIN-11","HKLM\SOFTWARE\Microsoft\Windows Defender\Diagnostics\InitializingComponentProgress = InitEventConfig","HKLM\SOFTWARE\Microsoft\Windows Defender\Diagnostics\InitializingComponentProgress = RegistringUxToastLibrary"
"2024-07-31T16:08:36.471-0500","WIN-11","HKLM\SOFTWARE\Microsoft\Windows Defender\Diagnostics\InitializingComponentProgress = PostPlatformUpdate","HKLM\SOFTWARE\Microsoft\Windows Defender\Diagnostics\InitializingComponentProgress = InitEventConfig"
"2024-07-31T16:08:36.467-0500","WIN-11","Default\ServiceStartStates = 0x0","HKLM\SOFTWARE\Microsoft\Windows Defender\ServiceStartStates = 0x1"
"2024-07-31T16:08:17.484-0500","WIN-11","HKLM\SOFTWARE\Microsoft\Windows Defender\Diagnostics\InitializingComponentProgress = InitializeMiscConfigLibrary","HKLM\SOFTWARE\Microsoft\Windows Defender\Diagnostics\InitializingComponentProgress = PostPlatformUpdate"
"2024-07-31T16:08:17.482-0500","WIN-11","HKLM\SOFTWARE\Microsoft\Windows Defender\CoreService\WdConfigHash = 0xA01F03DA","HKLM\SOFTWARE\Microsoft\Windows Defender\CoreService\WdConfigHash = 0x6F6A16D0"
"2024-07-31T16:08:17.480-0500","WIN-11","Default\IsServiceRunning = 0x0","HKLM\SOFTWARE\Microsoft\Windows Defender\IsServiceRunning = 0x1"
"2024-07-31T16:02:58.696-0500","WIN-11","Default\Features\EnableCACS = 0x0","HKLM\SOFTWARE\Microsoft\Windows Defender\Features\EnableCACS = 0x0"
"2024-07-31T16:02:58.690-0500","WIN-11","HKLM\SOFTWARE\Microsoft\Windows Defender\Diagnostics\CleanupComponentProgress = RtpPluginStop","HKLM\SOFTWARE\Microsoft\Windows Defender\Diagnostics\CleanupComponentProgress = CleanupEngine"
"2024-07-31T16:02:57.020-0500","WIN-11","HKLM\SOFTWARE\Microsoft\Windows Defender\Diagnostics\CleanupComponentProgress = ShutdownSpyNetManager","HKLM\SOFTWARE\Microsoft\Windows Defender\Diagnostics\CleanupComponentProgress = RtpPluginStop"
"2024-07-31T16:02:56.405-0500","WIN-11","HKLM\SOFTWARE\Microsoft\Windows Defender\Diagnostics\CleanupComponentProgress = CleanupCompleted","HKLM\SOFTWARE\Microsoft\Windows Defender\Diagnostics\CleanupComponentProgress = ShutdownSpyNetManager"
"2024-07-31T15:52:59.698-0500","WIN-11","HKLM\SOFTWARE\Microsoft\Windows Defender\ServiceStartStates = 0x1","Default\ServiceStartStates = 0x0"
"2024-07-31T15:52:10.049-0500","WIN-11","Default\Features\SCC\SCCState = 0x0","HKLM\SOFTWARE\Microsoft\Windows Defender\Features\SCC\SCCState = 0x0"
"2024-07-31T15:52:10.049-0500","WIN-11","Default\Features\SCC\SCCSource = 0x0","HKLM\SOFTWARE\Microsoft\Windows Defender\Features\SCC\SCCSource = 0x0"
"2024-07-31T15:52:10.049-0500","WIN-11","Default\Features\SCC\SCCAltSource = 0x0","HKLM\SOFTWARE\Microsoft\Windows Defender\Features\SCC\SCCAltSource = 0x0"
"2024-07-31T15:52:10.049-0500","WIN-11","Default\Features\SCC\SCCAltState = 0x0","HKLM\SOFTWARE\Microsoft\Windows Defender\Features\SCC\SCCAltState = 0x0"
"2024-07-31T15:52:10.046-0500","WIN-11","HKLM\SOFTWARE\Microsoft\Windows Defender\Diagnostics\InitializingComponentProgress = LoadingEngine","HKLM\SOFTWARE\Microsoft\Windows Defender\Diagnostics\InitializingComponentProgress = ServiceStartedSuccessfully"
"2024-07-31T15:52:10.045-0500","WIN-11","HKLM\SOFTWARE\Microsoft\Windows Defender\InstallLocation = C:\Program Files\Windows Defender\","HKLM\SOFTWARE\Microsoft\Windows Defender\InstallLocation = C:\ProgramData\Microsoft\Windows Defender\Platform\4.18.24060.7-0\"
"2024-07-31T15:52:07.591-0500","WIN-11","","HKLM\SOFTWARE\Microsoft\Windows Defender\Features\EcsConfigs\MpFc_Kernel_UseLowPriAsyncScansDevDrvOnly = 0x1"
"2024-07-31T15:52:07.591-0500","WIN-11","","HKLM\SOFTWARE\Microsoft\Windows Defender\Features\EcsConfigs\MpFC_Kernel_PPLReduxMitigationFlags = 0x3"
"2024-07-31T15:52:07.591-0500","WIN-11","","HKLM\SOFTWARE\Microsoft\Windows Defender\Features\EcsConfigs\MpFC_AdvertiseM365PackMinor = 0x965"
"2024-07-31T15:52:07.591-0500","WIN-11","","HKLM\SOFTWARE\Microsoft\Windows Defender\Features\EcsConfigs\MpDisablePropBagNotification = 0x0"
"2024-07-31T15:52:07.591-0500","WIN-11","","HKLM\SOFTWARE\Microsoft\Windows Defender\Features\EcsConfigs\MpFc_Kernel_UseLowPrioThreadsForAsyncScans = 0x1"
"2024-07-31T15:52:07.591-0500","WIN-11","","HKLM\SOFTWARE\Microsoft\Windows Defender\Features\EcsConfigs\MpFC_EnableTPExclusionsSCCMNonMDEAttach = 0x1"
"2024-07-31T15:52:07.591-0500","WIN-11","","HKLM\SOFTWARE\Microsoft\Windows Defender\Features\EcsConfigs\MpForceDllHostScanExeOnOpen = 0x1"
"2024-07-31T15:52:07.591-0500","WIN-11","","HKLM\SOFTWARE\Microsoft\Windows Defender\Features\EcsConfigs\MpFC_AdvertiseM365PackMajor = 0x66"
"2024-07-31T15:52:07.591-0500","WIN-11","","HKLM\SOFTWARE\Microsoft\Windows Defender\Features\EcsConfigs\MpFC_AdvertiseM365PackBuild = 0x4268"
"2024-07-31T15:52:07.591-0500","WIN-11","","HKLM\SOFTWARE\Microsoft\Windows Defender\Features\EcsConfigs\MpEnablePurgeHipsCache = 0x1"
"2024-07-31T15:52:07.591-0500","WIN-11","","HKLM\SOFTWARE\Microsoft\Windows Defender\Features\EcsConfigs\MpFC_Kernel_SystemIoRequestWorkOnBehalfOf = 0x1"
"2024-07-31T15:52:07.591-0500","WIN-11","","HKLM\SOFTWARE\Microsoft\Windows Defender\Features\EcsConfigs\MpFC_Kernel_ReduceOfficeInjectRuleFP = 0x1"
"2024-07-31T15:52:07.591-0500","WIN-11","","HKLM\SOFTWARE\Microsoft\Windows Defender\Features\EcsConfigs\MpFC_Kernel_HardenUxProcesses = 0x0"
"2024-07-31T15:52:07.591-0500","WIN-11","","HKLM\SOFTWARE\Microsoft\Windows Defender\Features\EcsConfigs\MpFC_Kernel_EnableFolderGuardOnPostCreate = 0x1"
"2024-07-31T15:52:07.591-0500","WIN-11","","HKLM\SOFTWARE\Microsoft\Windows Defender\Features\EcsConfigs\MpFC_AdvertiseM365Feature = 0xF"
"2024-07-31T15:52:07.591-0500","WIN-11","","HKLM\SOFTWARE\Microsoft\Windows Defender\Features\EcsConfigs\MpFC_Throttle_ScanThreads_Equally = 0x1"
"2024-07-31T15:52:07.591-0500","WIN-11","","HKLM\SOFTWARE\Microsoft\Windows Defender\Features\EcsConfigs\MpDisableResourceMonitoring = 0x0"
"2024-07-31T15:52:07.591-0500","WIN-11","","HKLM\SOFTWARE\Microsoft\Windows Defender\Features\EcsConfigs\MpCopyAcceleratorCancellableCopyState = 0x2"
"2024-07-31T15:52:07.591-0500","WIN-11","","HKLM\SOFTWARE\Microsoft\Windows Defender\Features\EcsConfigs\EnableBmProcessInfoMetastoreMaintenance_MpRamp = 0x1"
"2024-07-31T15:52:07.591-0500","WIN-11","","HKLM\SOFTWARE\Microsoft\Windows Defender\Features\EcsConfigs\MpFC_EnableImpersonationOnNetworkResourceScan = 0x1"
"2024-07-31T15:52:07.591-0500","WIN-11","","HKLM\SOFTWARE\Microsoft\Windows Defender\Features\EcsConfigs\EnableCIWorkaroundOnCFAEnabled_MpRamp = 0x1"
"2024-07-31T15:52:07.591-0500","WIN-11","","HKLM\SOFTWARE\Microsoft\Windows Defender\Features\EcsConfigs\EnableAdsSymlinkMitigation_MpRamp = 0x1"
"2024-07-31T15:52:07.591-0500","WIN-11","","HKLM\SOFTWARE\Microsoft\Windows Defender\Features\EcsConfigs\MpFC_AdvertiseLogonMinutesFeature = 0x7"
"2024-07-31T15:52:07.591-0500","WIN-11","","HKLM\SOFTWARE\Microsoft\Windows Defender\Features\EcsConfigs\MpFC_RtpEnableDefenderConfigMonitoring = 0x1"
"2024-07-31T15:52:06.931-0500","WIN-11","Default\Signature Updates\EnableUpdateResiliency = 0x0","HKLM\SOFTWARE\Microsoft\Windows Defender\Signature Updates\EnableUpdateResiliency = 0x0"
"2024-07-31T15:52:06.921-0500","WIN-11","","HKLM\SOFTWARE\Microsoft\Windows Defender\Features\Controls\31 = 0x965"
"2024-07-31T15:52:06.921-0500","WIN-11","","HKLM\SOFTWARE\Microsoft\Windows Defender\Features\Controls\_15 = 0x3"
"2024-07-31T15:52:06.921-0500","WIN-11","","HKLM\SOFTWARE\Microsoft\Windows Defender\Features\Controls\22 = 0x3E"
"2024-07-31T15:52:06.921-0500","WIN-11","","HKLM\SOFTWARE\Microsoft\Windows Defender\Features\Controls\54 = 0x1"
"2024-07-31T15:52:06.921-0500","WIN-11","","HKLM\SOFTWARE\Microsoft\Windows Defender\Features\Controls\_4 = 0x1"
"2024-07-31T15:52:06.921-0500","WIN-11","","HKLM\SOFTWARE\Microsoft\Windows Defender\Features\Controls\48 = 0x1"
"2024-07-31T15:52:06.921-0500","WIN-11","","HKLM\SOFTWARE\Microsoft\Windows Defender\Features\Controls\10 = 0x1"
"2024-07-31T15:52:06.921-0500","WIN-11","","HKLM\SOFTWARE\Microsoft\Windows Defender\Features\Controls\_9 = 0x1"
"2024-07-31T15:52:06.921-0500","WIN-11","","HKLM\SOFTWARE\Microsoft\Windows Defender\Features\Controls\_16 = 0x1"
"2024-07-31T15:52:06.921-0500","WIN-11","","HKLM\SOFTWARE\Microsoft\Windows Defender\Features\Controls\69 = 0x1"
"2024-07-31T15:52:06.921-0500","WIN-11","","HKLM\SOFTWARE\Microsoft\Windows Defender\Features\Controls\102 = 0x1"
"2024-07-31T15:52:06.921-0500","WIN-11","","HKLM\SOFTWARE\Microsoft\Windows Defender\Features\Controls\_13 = 0x1"
"2024-07-31T15:52:06.921-0500","WIN-11","","HKLM\SOFTWARE\Microsoft\Windows Defender\Features\Controls\50 = 0x0"
"2024-07-31T15:52:06.921-0500","WIN-11","","HKLM\SOFTWARE\Microsoft\Windows Defender\Features\Controls\32 = 0x4268"
"2024-07-31T15:52:06.921-0500","WIN-11","","HKLM\SOFTWARE\Microsoft\Windows Defender\Features\Controls\21 = 0x1"
"2024-07-31T15:52:06.921-0500","WIN-11","","HKLM\SOFTWARE\Microsoft\Windows Defender\Features\Controls\_7 = 0x1"
"2024-07-31T15:52:06.921-0500","WIN-11","","HKLM\SOFTWARE\Microsoft\Windows Defender\Features\Controls\89 = 0x1"
"2024-07-31T15:52:06.917-0500","WIN-11","Default\CoreService\MemorySensor\LowThresholds = 2|","HKLM\SOFTWARE\Microsoft\Windows Defender\CoreService\MemorySensor\LowThresholds = 20|600|128"
"2024-07-31T15:52:06.917-0500","WIN-11","Default\CoreService\MemorySensor\MonitoredTargets = msmpeng|","HKLM\SOFTWARE\Microsoft\Windows Defender\CoreService\MemorySensor\MonitoredTargets = mpdefendercoreservice|msmpeng|nissrv"
"2024-07-31T15:52:06.917-0500","WIN-11","Default\CoreService\MemorySensor\HighThresholds = 1024|","HKLM\SOFTWARE\Microsoft\Windows Defender\CoreService\MemorySensor\HighThresholds = 30|1024|500"
"2024-07-31T15:52:06.917-0500","WIN-11","Default\CoreService\DiskSensor\LowThresholds = ","HKLM\SOFTWARE\Microsoft\Windows Defender\CoreService\DiskSensor\LowThresholds = "
"2024-07-31T15:52:06.917-0500","WIN-11","Default\CoreService\DiskSensor\MonitoredTargets = ","HKLM\SOFTWARE\Microsoft\Windows Defender\CoreService\DiskSensor\MonitoredTargets = "
"2024-07-31T15:52:06.917-0500","WIN-11","Default\CoreService\DiskSensor\HighThresholds = ","HKLM\SOFTWARE\Microsoft\Windows Defender\CoreService\DiskSensor\HighThresholds = "
"2024-07-31T15:52:06.916-0500","WIN-11","Default\CoreService\CrashSensor\MonitoredTargets = msmpeng|","HKLM\SOFTWARE\Microsoft\Windows Defender\CoreService\CrashSensor\MonitoredTargets = mpdefendercoreservice|msmpeng|nissrv"
"2024-07-31T15:52:06.916-0500","WIN-11","Default\CoreService\CpuSensor\LowThresholds = 5|","HKLM\SOFTWARE\Microsoft\Windows Defender\CoreService\CpuSensor\LowThresholds = 10|10|10"
"2024-07-31T15:52:06.916-0500","WIN-11","Default\CoreService\CpuSensor\MonitoredTargets = msmpeng|","HKLM\SOFTWARE\Microsoft\Windows Defender\CoreService\CpuSensor\MonitoredTargets = mpdefendercoreservice|msmpeng|nissrv"
"2024-07-31T15:52:06.916-0500","WIN-11","Default\CoreService\CpuSensor\HighThresholds = 95|","HKLM\SOFTWARE\Microsoft\Windows Defender\CoreService\CpuSensor\HighThresholds = 45|90|90"
"2024-07-31T15:52:06.915-0500","WIN-11","Default\CoreService\MdAlertMinInterval = 0x3C","HKLM\SOFTWARE\Microsoft\Windows Defender\CoreService\MdAlertMinInterval = 0x3C"
"2024-07-31T15:52:06.915-0500","WIN-11","Default\CoreService\WdTimerMonitorInterval = 0x1388","HKLM\SOFTWARE\Microsoft\Windows Defender\CoreService\WdTimerMonitorInterval = 0x493E0"
"2024-07-31T15:52:06.915-0500","WIN-11","Default\CoreService\MdTrustedSubjectOrgs = ","HKLM\SOFTWARE\Microsoft\Windows Defender\CoreService\MdTrustedSubjectOrgs = Microsoft Corporation|DigiCert Inc"
"2024-07-31T15:52:06.915-0500","WIN-11","Default\CoreService\WdConfigHash = 0x0","HKLM\SOFTWARE\Microsoft\Windows Defender\CoreService\WdConfigHash = 0xA01F03DA"
"2024-07-31T15:52:06.915-0500","WIN-11","Default\CoreService\MdEnableDailySensorChecks = 0x0","HKLM\SOFTWARE\Microsoft\Windows Defender\CoreService\MdEnableDailySensorChecks = 0x0"
"2024-07-31T15:52:06.915-0500","WIN-11","Default\CoreService\MdAlertMonitorWindow = 0x19","HKLM\SOFTWARE\Microsoft\Windows Defender\CoreService\MdAlertMonitorWindow = 0x19"
"2024-07-31T15:52:06.915-0500","WIN-11","Default\CoreService\MdTrustedRootCertThumbPrints = ","HKLM\SOFTWARE\Microsoft\Windows Defender\CoreService\MdTrustedRootCertThumbPrints = CB3CCBB76031E5E0138F8DD39A23F9DE47FFC35E43C1144CEA27D46A5AB1CB5F|4348A0E9444C78CB265E058D5E8944B4D84F9662BD26DB257F8934A443C70161|31AD6648F8104138C738F39EA4320133393E3A18CC02296EF97C2AC9EF6731D0"
"2024-07-31T15:52:06.915-0500","WIN-11","Default\CoreService\MdDisableResController = 0x0","HKLM\SOFTWARE\Microsoft\Windows Defender\CoreService\MdDisableResController = 0x0"
"2024-07-31T15:52:06.915-0500","WIN-11","Default\CoreService\WdTimerInitalDelay = 0x1388","HKLM\SOFTWARE\Microsoft\Windows Defender\CoreService\WdTimerInitalDelay = 0x493E2"
"2024-07-31T15:52:06.911-0500","WIN-11","Default\ProductAppDataPath = C:\ProgramData\Microsoft\Windows Defender","HKLM\SOFTWARE\Microsoft\Windows Defender\ProductAppDataPath = C:\ProgramData\Microsoft\Windows Defender"
"2024-07-31T15:52:06.911-0500","WIN-11","Default\UUPFlags = 0x0","HKLM\SOFTWARE\Microsoft\Windows Defender\UUPFlags = 0x0"
"2024-07-31T15:51:59.782-0500","WIN-11","HKLM\SOFTWARE\Microsoft\Windows Defender\Diagnostics\InitializingComponentProgress = InitPluginModules","HKLM\SOFTWARE\Microsoft\Windows Defender\Diagnostics\InitializingComponentProgress = LoadingEngine"
"2024-07-31T15:51:59.247-0500","WIN-11","HKLM\SOFTWARE\Microsoft\Windows Defender\Diagnostics\InitializingComponentProgress = PostPlatformUpdate","HKLM\SOFTWARE\Microsoft\Windows Defender\Diagnostics\InitializingComponentProgress = InitPluginModules"
"2024-07-31T15:51:59.246-0500","WIN-11","Default\ServiceStartStates = 0x0","HKLM\SOFTWARE\Microsoft\Windows Defender\ServiceStartStates = 0x1"
"2024-07-31T15:51:46.386-0500","WIN-11","Default\IsServiceRunning = 0x0","HKLM\SOFTWARE\Microsoft\Windows Defender\IsServiceRunning = 0x1"
"2024-07-31T15:51:42.804-0500","WIN-11","HKLM\SOFTWARE\Microsoft\Windows Defender\NIS\Consumers\IPS\DisableBmNetworkSensor = 0x1","Default\NIS\Consumers\IPS\DisableBmNetworkSensor = 0x0"
"2024-07-31T15:51:42.185-0500","WIN-11","Default\NIS\Consumers\IPS\DisableBmNetworkSensor = 0x0","HKLM\SOFTWARE\Microsoft\Windows Defender\NIS\Consumers\IPS\DisableBmNetworkSensor = 0x1"
"2024-07-31T15:49:56.835-0500","WIN-11","Default\ProductAppDataPath = C:\ProgramData\Microsoft\Windows Defender","HKLM\SOFTWARE\Microsoft\Windows Defender\ProductAppDataPath = C:\ProgramData\Microsoft\Windows Defender"
"2024-07-31T15:49:56.835-0500","WIN-11","HKLM\SOFTWARE\Microsoft\Windows Defender\ServiceStartStates = 0x1","Default\ServiceStartStates = 0x0"
"2024-07-31T15:49:34.053-0500","WIN-11","Default\ServiceStartStates = 0x0","HKLM\SOFTWARE\Microsoft\Windows Defender\ServiceStartStates = 0x1"
"2024-07-31T15:49:34.053-0500","WIN-11","Default\IsServiceRunning = 0x0","HKLM\SOFTWARE\Microsoft\Windows Defender\IsServiceRunning = 0x1"
"2024-07-31T15:45:48.644-0500","WIN-11","","HKLM\SOFTWARE\Microsoft\Windows Defender\Miscellaneous Configuration\BddUpdateFailure = 0x0"
"2024-07-31T15:45:48.644-0500","WIN-11","","HKLM\SOFTWARE\Microsoft\Windows Defender\Miscellaneous Configuration\DeltaUpdateFailure = 0x0"
"2024-07-31T15:45:48.642-0500","WIN-11","","HKLM\SOFTWARE\Microsoft\Windows Defender\Features\Controls\15 = 0x1"
"2024-07-31T15:45:48.642-0500","WIN-11","","HKLM\SOFTWARE\Microsoft\Windows Defender\Features\Controls\13 = 0x1"
"2024-07-31T15:45:48.642-0500","WIN-11","","HKLM\SOFTWARE\Microsoft\Windows Defender\Features\Controls\9 = 0x1"
"2024-07-31T15:45:48.641-0500","WIN-11","","HKLM\SOFTWARE\Microsoft\Windows Defender\Features\Controls\7 = 0x1"
"2024-07-31T15:28:18.990-0500","WIN-11","HKLM\SOFTWARE\Microsoft\Windows Defender\ServiceStartStates = 0x1","Default\ServiceStartStates = 0x0"
"2024-07-31T15:28:03.741-0500","WIN-11","Default\ServiceStartStates = 0x0","HKLM\SOFTWARE\Microsoft\Windows Defender\ServiceStartStates = 0x1"
"2024-07-31T15:28:03.741-0500","WIN-11","Default\IsServiceRunning = 0x0","HKLM\SOFTWARE\Microsoft\Windows Defender\IsServiceRunning = 0x1"
"2024-07-31T15:24:00.309-0500","WIN-11","HKLM\SOFTWARE\Microsoft\Windows Defender\ServiceStartStates = 0x1","Default\ServiceStartStates = 0x0"
"2024-07-31T15:23:00.081-0500","WIN-11","Default\ServiceStartStates = 0x0","HKLM\SOFTWARE\Microsoft\Windows Defender\ServiceStartStates = 0x1"
"2024-07-31T15:23:00.081-0500","WIN-11","Default\IsServiceRunning = 0x0","HKLM\SOFTWARE\Microsoft\Windows Defender\IsServiceRunning = 0x1"
"2024-07-31T15:06:22.764-0500","WIN-11","Default\PUAProtection = 0x0","HKLM\SOFTWARE\Microsoft\Windows Defender\PUAProtection = 0x2"
"2024-07-31T15:00:30.198-0500","WIN-11","HKLM\SOFTWARE\Microsoft\Windows Defender\ServiceStartStates = 0x1","Default\ServiceStartStates = 0x0"
